lon,lat,B2,B4,B6,B8,B11,B12,NDVI,EVI,NDWI,NBR
-83.4635959416499,32.12263166600894,0.01810000091791153,0.020500000566244125,0.18119999766349792,0.21819999814033508,0.1274999976158142,0.05730000138282776,0.8282362818717957,0.41001285505610036,0.2623662054538727,0.5840290188789368
,,,,,,,,,,,
,,,,,,,,,,,
-84.61793108174348,32.241658441154776,0.03579999879002571,0.043299999088048935,0.17000000178813934,0.21359999477863312,0.17816667258739471,0.09860000014305115,0.6629038453102112,0.35334881716181665,0.09044496715068817,0.36835360527038574
,,,,,,,,,,,
-119.77125393755064,40.12662084751388,0.0880521759390831,0.1662600040435791,0.21295000612735748,0.22801999747753143,0.28450000286102295,0.23852500319480896,0.1566399335861206,0.09864624205903431,-0.11020059138536453,-0.02251659706234932
,,,,,,,,,,,
,,,,,,,,,,,
,,,,,,,,,,,
,,,,,,,,,,,
,,,,,,,,,,,
,,,,,,,,,,,
,,,,,,,,,,,
-102.00257761766652,29.98239550159418,0.14264999330043793,0.21586667001247406,0.26820001006126404,0.29844000935554504,0.44885000586509705,0.35916000604629517,0.1605527251958847,0.13547583621054102,-0.20127393305301666,-0.0923357605934143
-81.06284834484048,27.366052236596076,0.03999999910593033,0.05355000123381615,0.23444999754428864,0.2992999851703644,0.2152000069618225,0.1264999955892563,0.6964715719223022,0.4652241103868679,0.1634596288204193,0.40582433342933655
,,,,,,,,,,,
,,,,,,,,,,,
,,,,,,,,,,,
,,,,,,,,,,,
,,,,,,,,,,,
,,,,,,,,,,,
,,,,,,,,,,,
-118.76963239575738,34.48295507503298,0.06913333386182785,0.14345000684261322,0.21027499437332153,0.23909999430179596,0.3237000107765198,0.24079999327659607,0.2500326335430145,0.15122049193737813,-0.15031985938549042,-0.0035424025263637304
-80.87644792338567,37.000483658777945,0.0541333332657814,0.06763333082199097,0.19812500476837158,0.27044999599456787,0.20526666939258575,0.12907500565052032,0.5999014377593994,0.39916683357033006,0.13702131807804108,0.3538576662540436
,,,,,,,,,,,
,,,,,,,,,,,
,,,,,,,,,,,
-82.1408266857839,29.46811000143575,0.03305000066757202,0.05050000175833702,0.21265000104904175,0.2747499942779541,0.19689999520778656,0.09870000183582306,0.6894696354866028,0.421562162890816,0.16505883634090424,0.4714151620864868
,,,,,,,,,,,
,,,,,,,,,,,
-113.21804393989876,37.914519460369554,0.11893846094608307,0.2124352902173996,0.25571250915527344,0.2754923105239868,0.37779998779296875,0.32126668095588684,0.12923437356948853,0.09507618472227938,-0.15660321712493896,-0.0767049565911293
,,,,,,,,,,,
-83.35804389576585,32.787384976257385,0.029600000008940697,0.03869999945163727,0.21649999916553497,0.28610000014305115,0.20110000669956207,0.09709999710321426,0.7616994976997375,0.4771272107244524,0.1744663268327713,0.49321505427360535
,,,,,,,,,,,
,,,,,,,,,,,
,,,,,,,,,,,
,,,,,,,,,,,
,,,,,,,,,,,
,,,,,,,,,,,
-94.31973615023432,48.07895690018194,0.033149998635053635,0.039500001817941666,0.18447500467300415,0.21783334016799927,0.12702499330043793,0.07415714114904404,0.6930052042007446,0.36961553258504387,0.2633207142353058,0.49205783009529114
,,,,,,,,,,,
-122.25958727456174,40.21869816413613,0.028033332899212837,0.05380000174045563,0.2087000012397766,0.23499999940395355,0.22033333778381348,0.1302500069141388,0.6274238228797913,0.33616562632488894,0.032210823148489,0.28678983449935913
,,,,,,,,,,,
,,,,,,,,,,,
-121.62402921104716,43.776026689249434,0.03257500007748604,0.04659999907016754,0.1340000033378601,0.15700000524520874,0.15369999408721924,0.09730000048875809,0.5422397255897522,0.23148780445102246,0.010621214285492897,0.23476210236549377
-75.79198341526919,41.9546924506971,0.027550000697374344,0.027950000017881393,0.24269999563694,0.32499998807907104,0.20229999721050262,0.08860000222921371,0.8416206240653992,0.5774352040081253,0.2326948493719101,0.5715667009353638
,,,,,,,,,,,
,,,,,,,,,,,
,,,,,,,,,,,
,,,,,,,,,,,
-78.73172018255032,35.54296711029402,0.04313333332538605,0.07090000063180923,0.21244999766349792,0.2590999901294708,0.25940001010894775,0.15872499346733093,0.5703030228614807,0.3457016721714195,-0.000578630599193275,0.24023215472698212
,,,,,,,,,,,
,,,,,,,,,,,
-99.54793110380992,47.24127789774049,0.07036666572093964,0.11720000207424164,0.2614249885082245,0.2854999899864197,0.2603999972343445,0.17075000703334808,0.4179289638996124,0.28799751328746365,0.045979104936122894,0.2515068054199219
,,,,,,,,,,,
,,,,,,,,,,,
-77.8131928045381,38.444525478000074,0.031199999153614044,0.034299999475479126,0.1927500069141388,0.21979999542236328,0.1878499984741211,0.09624999761581421,0.7300275564193726,0.3891826035608117,0.07837605476379395,0.39091914892196655
,,,,,,,,,,,
,,,,,,,,,,,
,,,,,,,,,,,
,,,,,,,,,,,
-121.9249648312272,44.85175924198256,0.013650000095367432,0.015650000423192978,0.1891999989748001,0.23510000109672546,0.07395000010728836,0.029600000008940697,0.8751744627952576,0.4472638339977908,0.5214366912841797,0.7763505578041077
,,,,,,,,,,,
,,,,,,,,,,,
,,,,,,,,,,,
-114.93382613256703,38.835292626592064,0.10713333636522293,0.12733332812786102,0.26135000586509705,0.31226667761802673,0.1995999962091446,0.14605000615119934,0.4206854999065399,0.3632507053029051,0.22010943293571472,0.3626677393913269
-117.96114864004984,35.55195026313521,0.1406400054693222,0.2542000114917755,0.3090749979019165,0.3416000008583069,0.4424000084400177,0.3616499900817871,0.14669349789619446,0.12058497237571877,-0.12857143580913544,-0.028510471805930138
,,,,,,,,,,,
,,,,,,,,,,,
,,,,,,,,,,,
,,,,,,,,,,,
,,,,,,,,,,,
-117.15715646076283,34.173036302011745,0.031300000846385956,0.051600001752376556,0.1753000020980835,0.2198999971151352,0.17389999330043793,0.10040000081062317,0.619889497756958,0.32496620041741836,0.11681057512760162,0.37308773398399353
,,,,,,,,,,,
-83.38499335428943,32.55831457880691,0.01979999989271164,0.024949999526143074,0.18164999783039093,0.23090000450611115,0.1477999985218048,0.07145000249147415,0.8049638271331787,0.41788410958423494,0.219434916973114,0.52736896276474
,,,,,,,,,,,
-95.35953609160266,30.95931337307416,0.042750000953674316,0.06350000202655792,0.2150000035762787,0.2926500141620636,0.28064998984336853,0.16134999692440033,0.6434086561203003,0.42340313166616395,0.020931491628289223,0.2892070710659027
,,,,,,,,,,,
,,,,,,,,,,,
-89.37900208757695,31.190629558734937,0.02669999934732914,0.02710000053048134,0.1766500025987625,0.21649999916553497,0.11249999701976776,0.050700001418590546,0.7775040864944458,0.4016626319533521,0.31610941886901855,0.6205089688301086
,,,,,,,,,,,
,,,,,,,,,,,
-97.45934806823205,29.522008918482925,0.06440000236034393,0.10040000081062317,0.2775000035762787,0.3249000012874603,0.32945001125335693,0.20909999310970306,0.5278626680374146,0.38859655589622616,-0.006953480187803507,0.21685394644737244
,,,,,,,,,,,
-116.6743119955486,37.883078425425374,0.1459999978542328,0.24279999732971191,0.2721500098705292,0.28049999475479126,0.29074999690055847,0.26614999771118164,0.0720428004860878,0.057389023844371306,-0.017943110316991806,0.026250794529914856
,,,,,,,,,,,
-80.31050929439037,33.16916897200819,0.02239999920129776,0.0210999995470047,0.19939999282360077,0.2603999972343445,0.1347000002861023,0.05889999866485596,0.8500888347625732,0.490771118925107,0.31814730167388916,0.6310679912567139
-92.2648399378109,47.362550461096625,0.023600000888109207,0.023749999701976776,0.1319500058889389,0.14710000157356262,0.08084999769926071,0.04149999842047691,0.7219783663749695,0.2771661033476463,0.2906339168548584,0.5599151849746704
,,,,,,,,,,,
,,,,,,,,,,,
,,,,,,,,,,,
-112.45672173660743,31.86436602182458,0.09025000035762787,0.16040000319480896,0.24169999361038208,0.2484000027179718,0.3054249882698059,0.26179999113082886,0.2152641862630844,0.14342291575763158,-0.10296571254730225,-0.026264186948537827
,,,,,,,,,,,
-97.3605333869789,32.44602516829197,0.061500001698732376,0.08760000020265579,0.241799995303154,0.29899999499320984,0.2892000079154968,0.1737000048160553,0.5468184351921082,0.38764806790972994,0.01666097715497017,0.2650729715824127
-117.02240916814492,34.435793522616706,0.10599999874830246,0.23000000417232513,0.2890999913215637,0.3285999894142151,0.4370200037956238,0.3643999993801117,0.1765126883983612,0.1288147784460227,-0.1416107416152954,-0.051659468561410904
-95.4628423492764,47.10877639333286,0.04639999940991402,0.07039999961853027,0.26284998655319214,0.326200008392334,0.17820000648498535,0.09634999930858612,0.6449823379516602,0.45659004507139755,0.29341793060302734,0.5439593195915222
,,,,,,,,,,,
-112.65210531090344,32.466237262184656,0.07772500067949295,0.1348000019788742,0.18482500314712524,0.20133332908153534,0.257874995470047,0.22349999845027924,0.19793730974197388,0.11654554587218842,-0.12312857806682587,-0.05217733234167099
-114.09390134191528,34.11464580854398,0.12511999905109406,0.2093600034713745,0.24466000497341156,0.27880001068115234,0.30799999833106995,0.27886250615119934,0.14224845170974731,0.10873378628079888,-0.049761395901441574,-0.00011206683120690286
,,,,,,,,,,,
,,,,,,,,,,,
,,,,,,,,,,,
,,,,,,,,,,,
,,,,,,,,,,,
,,,,,,,,,,,
,,,,,,,,,,,
-117.0426212620376,46.31601315509738,0.08399999886751175,0.14980000257492065,0.1967500001192093,0.2628999948501587,0.31154999136924744,0.2240999937057495,0.27404892444610596,0.18459879690465908,-0.08468969911336899,0.0796714648604393
,,,,,,,,,,,
-80.79784533602522,38.064987270459575,0.032999999821186066,0.04390000179409981,0.18359999358654022,0.21739999949932098,0.18520000576972961,0.08489999920129776,0.6639877557754517,0.35169868659821707,0.07998011261224747,0.4383063316345215
-96.70251744136134,48.89193223231011,0.04895000159740448,0.0632999986410141,0.2641499936580658,0.32120001316070557,0.15729999542236328,0.08675000071525574,0.6707412600517273,0.48336616224916146,0.342528760433197,0.574702799320221
-101.20083122658984,30.41358683797155,0.06939999759197235,0.09529999643564224,0.1941000074148178,0.22439999878406525,0.2797999978065491,0.21230000257492065,0.4038161039352417,0.25299835934792203,-0.10987703502178192,0.027707800269126892
,,,,,,,,,,,
,,,,,,,,,,,
,,,,,,,,,,,
,,,,,,,,,,,
-81.71861850224772,34.31901253568117,0.05559999868273735,0.0851999968290329,0.2847999930381775,0.3476000130176544,0.29600000381469727,0.17069999873638153,0.6062846779823303,0.45498684887651086,0.0801740363240242,0.3413081467151642
-93.95142688374531,48.62917501170515,0.04800000041723251,0.06949999928474426,0.23749999701976776,0.3012999892234802,0.1518000066280365,0.08945000171661377,0.6251348257064819,0.4266362236696359,0.32994920015335083,0.5421624779701233
-77.38873883279163,37.98638468309912,0.029600000008940697,0.03545000031590462,0.20624999701976776,0.3111000061035156,0.16840000450611115,0.07985000312328339,0.7954119443893433,0.5293631973192333,0.2976016700267792,0.5915078520774841
,,,,,,,,,,,
,,,,,,,,,,,
,,,,,,,,,,,
-99.16839289626942,47.32886363794214,0.08399999886751175,0.14000000059604645,0.21559999883174896,0.22419999539852142,0.2919999957084656,0.23309999704360962,0.23119163513183594,0.14677170960119126,-0.13134443759918213,-0.019462063908576965
,,,,,,,,,,,
,,,,,,,,,,,
-114.32072595115548,35.31614250105384,0.10159999877214432,0.17219999432563782,0.20999999344348907,0.22579999268054962,0.26249998807907104,0.21690000593662262,0.1346733719110489,0.08951235722491788,-0.07515870779752731,0.020103877410292625
,,,,,,,,,,,
,,,,,,,,,,,
,,,,,,,,,,,
,,,,,,,,,,,
-110.4961486290166,32.02830856117639,0.12479999661445618,0.20679999887943268,0.28040000796318054,0.2809999883174896,0.3644999861717224,0.3012999892234802,0.1521115005016327,0.11697564180728326,-0.12935708463191986,-0.03486175835132599
,,,,,,,,,,,
-123.19608095825632,45.99037386460405,0.02198571339249611,0.024174999445676804,0.2781333327293396,0.40575000643730164,0.13500000536441803,0.0568000003695488,0.8875385522842407,0.688312716795559,0.5006935000419617,0.7544049024581909
-81.9723925700115,30.43379893186424,0.05025000125169754,0.0729999989271164,0.14034999907016754,0.18029999732971191,0.2535000145435333,0.15805000066757202,0.42360836267471313,0.21608232475018693,-0.1687413901090622,0.0657602995634079
,,,,,,,,,,,
,,,,,,,,,,,
-112.84075152056856,37.016204176250035,0.08895999938249588,0.19429999589920044,0.24985000491142273,0.27024999260902405,0.416949987411499,0.3862000107765198,0.16349154710769653,0.1073437514271794,-0.21347497403621674,-0.17663191258907318
-118.49564623410092,39.00597253057477,0.16779999434947968,0.26829999685287476,0.29624998569488525,0.31679999828338623,0.3585500121116638,0.32359999418258667,0.08289181441068649,0.07268748995454637,-0.06181981787085533,-0.010618356987833977
,,,,,,,,,,,
,,,,,,,,,,,
,,,,,,,,,,,
-115.219041235275,34.94109586993394,0.14139999449253082,0.2563000023365021,0.2957000136375427,0.3100000023841858,0.4278999865055084,0.3820500075817108,0.09482606500387192,0.07511329703154464,-0.15977773070335388,-0.10411097854375839
-101.59608995160244,32.149581124532524,0.11800000071525574,0.21160000562667847,0.29100000858306885,0.32199999690055847,0.4106999933719635,0.3695000112056732,0.20689652860164642,0.1617250522053609,-0.12105908989906311,-0.06869126856327057
,,,,,,,,,,,
-102.8065697969535,47.4097120135129,0.060600001364946365,0.10440000146627426,0.18129999935626984,0.2093999981880188,0.2883000075817108,0.20900000631809235,0.3346080183982849,0.19003836416582814,-0.15852925181388855,0.0009560034959577024
,,,,,,,,,,,
-95.99733994332752,29.667985152152347,0.04035000130534172,0.06360000371932983,0.2363000065088272,0.28279998898506165,0.2688499987125397,0.14910000562667847,0.6327944397926331,0.40241593696189754,0.025287756696343422,0.3095623552799225
-103.13670066386742,31.0738485717994,0.12919999659061432,0.21570000052452087,0.2728999853134155,0.2687000036239624,0.37549999356269836,0.35429999232292175,0.10941371321678162,0.08312943413016806,-0.165787011384964,-0.13739965856075287
,,,,,,,,,,,
-110.8779326247674,32.97827697413278,0.08160000294446945,0.14380000531673431,0.2085999995470047,0.22599999606609344,0.26170000433921814,0.20360000431537628,0.2222822904586792,0.13915220480414978,-0.0732007548213005,0.05214150622487068
-117.52097415083124,37.92799418963135,0.1242000013589859,0.1737000048160553,0.19955000281333923,0.2110999971628189,0.24774999916553497,0.22529999911785126,0.09719333052635193,0.07073685863560639,-0.07987359911203384,-0.03253896161913872
-98.3037644353044,48.61120870602276,0.0989999994635582,0.16439999639987946,0.27219998836517334,0.33329999446868896,0.27320000529289246,0.21770000457763672,0.3393610715866089,0.2677212790760335,0.09909313917160034,0.2098003476858139
-118.0195391335176,38.97902307205119,0.1420000046491623,0.21209999918937683,0.23413333296775818,0.2468000054359436,0.248539999127388,0.22222499549388885,0.07561561465263367,0.05964660180286535,-0.003512725932523608,0.05239594727754593
,,,,,,,,,,,
,,,,,,,,,,,
-109.99084628169936,32.59200140196139,0.07580000162124634,0.1599999964237213,0.21570000052452087,0.23280000686645508,0.38690000772476196,0.33730000257492065,0.18533606827259064,0.1120482848637501,-0.24866870045661926,-0.1833011656999588
,,,,,,,,,,,
-89.75854029511744,32.53361090849362,0.020649999380111694,0.026399999856948853,0.15039999783039093,0.19089999794960022,0.1107499971985817,0.05290000140666962,0.757017970085144,0.34430792610032085,0.26570528745651245,0.5660377144813538
,,,,,,,,,,,
,,,,,,,,,,,
-83.09977825158148,30.93910127918147,0.026350000873208046,0.03125,0.21379999816417694,0.2492000013589859,0.1809999942779541,0.09430000185966492,0.7771438956260681,0.43974336152352805,0.15853093564510345,0.4509461224079132
,,,,,,,,,,,
,,,,,,,,,,,
,,,,,,,,,,,
,,,,,,,,,,,
,,,,,,,,,,,
,,,,,,,,,,,
,,,,,,,,,,,
,,,,,,,,,,,
,,,,,,,,,,,
,,,,,,,,,,,
,,,,,,,,,,,
,,,,,,,,,,,
,,,,,,,,,,,
,,,,,,,,,,,
,,,,,,,,,,,
,,,,,,,,,,,
,,,,,,,,,,,
-109.46982341691005,33.36230675809388,0.07890000194311142,0.13099999725818634,0.1850166618824005,0.20260000228881836,0.2671250104904175,0.21246667206287384,0.21462830901145935,0.12814548180469745,-0.1373676210641861,-0.023771287873387337
,,,,,,,,,,,
-123.34205719192576,45.91626285366419,0.047600001096725464,0.07175000011920929,0.19470000267028809,0.23399999737739563,0.23280000686645508,0.14065000414848328,0.5306622982025146,0.31022944266841723,0.0025706738233566284,0.2491658627986908
,,,,,,,,,,,
,,,,,,,,,,,
,,,,,,,,,,,
,,,,,,,,,,,
,,,,,,,,,,,
,,,,,,,,,,,
,,,,,,,,,,,
-87.33758060441534,33.44764671008524,0.027000000700354576,0.030050000175833702,0.20469999313354492,0.2640500068664551,0.1691499948501587,0.0786999985575676,0.7956477403640747,0.4710713978897283,0.21906743943691254,0.5407731533050537
,,,,,,,,,,,
-80.90339738190926,34.051763738655616,0.024533333256840706,0.02732500061392784,0.2142000049352646,0.25154998898506165,0.15639999508857727,0.06669999659061432,0.8040340542793274,0.4551867429994635,0.23323936760425568,0.5808326601982117
,,,,,,,,,,,
-73.83141030767833,42.331984870027306,0.030249999836087227,0.037700001150369644,0.21539999544620514,0.3230000138282776,0.18084999918937683,0.09189999848604202,0.7909620404243469,0.5393908606808706,0.28212764859199524,0.5570017099380493
,,,,,,,,,,,
,,,,,,,,,,,
-102.93233393673025,29.950954466649996,0.13983333110809326,0.2214999943971634,0.2757999897003174,0.2989000082015991,0.4399000108242035,0.3590666651725769,0.1487317681312561,0.12253429729939418,-0.19085001945495605,-0.09144332259893417
,,,,,,,,,,,
,,,,,,,,,,,
-81.09204359157435,37.98863047130941,0.027300000190734863,0.05339999869465828,0.17319999635219574,0.22280000150203705,0.19830000400543213,0.11389999836683273,0.6133236885070801,0.3164107807344022,0.05818094685673714,0.3234333395957947
-99.17063868447973,30.438290508284837,0.0608999989926815,0.11789999902248383,0.21060000360012054,0.2563999891281128,0.3409000039100647,0.24709999561309814,0.37002402544021606,0.22975347690766118,-0.14146997034549713,0.01847069337964058
,,,,,,,,,,,
-117.84436765311428,47.034665382393,0.09640000015497208,0.18000000715255737,0.219200000166893,0.2651999890804291,0.33489999175071716,0.2425999939441681,0.19137462973594666,0.1313031381895859,-0.11614731699228287,0.04450570419430733
,,,,,,,,,,,
,,,,,,,,,,,
-101.94418712419876,30.539350977748285,0.09025000035762787,0.14194999635219574,0.24469999969005585,0.2921999990940094,0.33274999260902405,0.2602500021457672,0.3460785448551178,0.2560454071180091,-0.06488518416881561,0.05783328413963318
-120.29003101412968,45.07409227480214,0.08305555582046509,0.12806667387485504,0.17880000174045563,0.20430000126361847,0.3113333284854889,0.23207500576972961,0.22936514019966125,0.14119548505372934,-0.2075764387845993,-0.06364939361810684
,,,,,,,,,,,
,,,,,,,,,,,
,,,,,,,,,,,
-78.44875086805267,39.92000833216639,0.027400000020861626,0.04540000110864639,0.1956000030040741,0.2879999876022339,0.20640000700950623,0.11240000277757645,0.7276544570922852,0.44763448880069684,0.1650485098361969,0.43856140971183777
,,,,,,,,,,,
,,,,,,,,,,,
-113.58635320638776,38.026808870884494,0.07524999976158142,0.11800000071525574,0.1651500016450882,0.17550000548362732,0.16934999823570251,0.15389999747276306,0.19591142237186432,0.10897375962159202,0.017833862453699112,0.0655737966299057
,,,,,,,,,,,
,,,,,,,,,,,
-96.7541705701982,28.702296221723863,0.06804999709129333,0.08595000207424164,0.15404999256134033,0.18164999783039093,0.3007499873638153,0.2244500070810318,0.35762330889701843,0.20156278179573592,-0.24689052999019623,-0.10539278388023376
,,,,,,,,,,,
,,,,,,,,,,,
,,,,,,,,,,,
,,,,,,,,,,,
,,,,,,,,,,,
-98.53732640917546,31.17041746484225,0.03725000098347664,0.04554999992251396,0.1509000062942505,0.17739999294281006,0.1521500051021576,0.09724999964237213,0.5913881659507751,0.2814120647499781,0.07661959528923035,0.29182595014572144
-95.73233693451226,47.06835220554749,0.03700000047683716,0.0414000004529953,0.22280000150203705,0.2483000010251999,0.16110000014305115,0.07240000367164612,0.7141870856285095,0.42425361003912937,0.21299463510513306,0.548487663269043
,,,,,,,,,,,
-68.50440067284956,46.30478421404589,0.1216999962925911,0.15964999794960022,0.3468500077724457,0.3952000141143799,0.19155000150203705,0.10170000046491623,0.42452916502952576,0.40884162064988566,0.34708139300346375,0.5906621217727661
,,,,,,,,,,,
,,,,,,,,,,,
,,,,,,,,,,,
-77.47632457299328,36.3267471956883,0.02879999950528145,0.03840000182390213,0.12319999933242798,0.1859000027179718,0.17100000381469727,0.09160000085830688,0.6576014161109924,0.30721486036683093,0.04174838587641716,0.3398198187351227
-113.52796271292,48.876211714838014,0.03525000065565109,0.05863749980926514,0.23196665942668915,0.2874000072479248,0.13232499361038208,0.06584999710321426,0.6610916256904602,0.4159772106798888,0.3694681227207184,0.6271762251853943
,,,,,,,,,,,
,,,,,,,,,,,
,,,,,,,,,,,
-82.05099515737194,37.22281669159752,0.028850000351667404,0.051899999380111694,0.18970000743865967,0.2215999960899353,0.19169999659061432,0.10164999961853027,0.6204752922058105,0.32222538314464244,0.07234454154968262,0.37107500433921814
,,,,,,,,,,,
,,,,,,,,,,,
,,,,,,,,,,,
-96.91586732133972,29.191878051569,0.051600001752376556,0.07635000348091125,0.22304999828338623,0.27160000801086426,0.29660001397132874,0.1855500042438507,0.5611438155174255,0.3635398864957579,-0.0439985990524292,0.1882314383983612
-114.415049055988,46.44402308308441,0.10840000212192535,0.1356000006198883,0.21654999256134033,0.2565000057220459,0.25949999690055847,0.1920499950647354,0.3083397150039673,0.24043434437335215,-0.005813936237245798,0.1436852365732193
,,,,,,,,,,,
-117.03139232098611,35.592374450920595,0.14380000531673431,0.23999999463558197,0.26570001244544983,0.28540000319480896,0.35580000281333923,0.32910001277923584,0.08641037344932556,0.0689173757630789,-0.10979413241147995,-0.07111474126577377
-116.58448046713666,36.47272342935772,0.11919999867677689,0.1728000044822693,0.2009499967098236,0.2029999941587448,0.21850000321865082,0.19664999842643738,0.08036186546087265,0.05610044022394979,-0.036773450672626495,0.015888892114162445
-96.09390883637036,31.642032989004996,0.06379999965429306,0.10170000046491623,0.2590999901294708,0.3131999969482422,0.3208500146865845,0.19619999825954437,0.509761393070221,0.3659422730676664,-0.012065322138369083,0.22968198359012604
-78.88667956906093,37.19811302128424,0.03590000048279762,0.07680000364780426,0.25200000405311584,0.2624000012874603,0.22769999504089355,0.13230000436306,0.5471698045730591,0.3191306357571319,0.07080189138650894,0.3296174108982086
-118.28903371875344,47.79374179747399,0.06759999692440033,0.11800000071525574,0.21739999949932098,0.2741999924182892,0.2913999855518341,0.20000000298023224,0.39826616644859314,0.26470985223865523,-0.030410172417759895,0.1564740389585495
,,,,,,,,,,,
-109.90550632970802,31.639787200794697,0.0754999965429306,0.1440799981355667,0.2045428603887558,0.22422857582569122,0.33476364612579346,0.27822306752204895,0.21761257946491241,0.13161043950014656,-0.19773991405963898,-0.10746206343173981
-93.31137724381016,31.09181487748179,0.01889999955892563,0.021250000223517418,0.1671999990940094,0.2070000022649765,0.1010499969124794,0.04385000094771385,0.8138006329536438,0.3893313790918101,0.3439376950263977,0.6503886580467224
-83.4523670005984,32.83903810509426,0.030899999663233757,0.03610000014305115,0.19169999659061432,0.22460000216960907,0.19439999759197235,0.08569999784231186,0.7230533361434937,0.3896399213712564,0.07207638025283813,0.4476313292980194
,,,,,,,,,,,
,,,,,,,,,,,
,,,,,,,,,,,
,,,,,,,,,,,
,,,,,,,,,,,
-96.71374638241284,48.28107783910883,0.07699999958276749,0.10930000245571136,0.1830500066280365,0.20309999585151672,0.25,0.2138500064611435,0.30025607347488403,0.1830029506630425,-0.10350917279720306,-0.025782493874430656
,,,,,,,,,,,
,,,,,,,,,,,
-117.70063720765516,38.08969094077286,0.13097143173217773,0.17759999632835388,0.19696666300296783,0.19362500309944153,0.18709999322891235,0.16859999299049377,0.04316790774464607,0.03137386304390105,0.01713838055729866,0.06908692419528961
-76.84974966231992,36.54908022850788,0.02384999953210354,0.025499999523162842,0.20239999890327454,0.26820001006126404,0.11909999698400497,0.05429999902844429,0.8263534307479858,0.48839878543437787,0.3849729299545288,0.6632558107376099
,,,,,,,,,,,
,,,,,,,,,,,
,,,,,,,,,,,
,,,,,,,,,,,
,,,,,,,,,,,
,,,,,,,,,,,
,,,,,,,,,,,
-120.73694286797914,45.83541447809344,0.06729999929666519,0.12540000677108765,0.1648000031709671,0.1859000027179718,0.2856999933719635,0.20880000293254852,0.19434626400470734,0.10550729638833488,-0.2116200029850006,-0.058018747717142105
-101.56015734023764,48.9121443262028,0.10888555645942688,0.17395000159740448,0.2409999966621399,0.28691428899765015,0.28189998865127563,0.21160000562667847,0.24511399865150452,0.18653621195771306,0.008815355598926544,0.1510774791240692
,,,,,,,,,,,
,,,,,,,,,,,
-116.46994526841142,35.63279863870597,0.13099999725818634,0.2034333348274231,0.2254333347082138,0.23659999668598175,0.2872999906539917,0.26046666502952576,0.07537306845188141,0.056226115937125065,-0.09677418321371078,-0.04801502451300621
-72.31999484214722,44.24315063699159,0.04154999926686287,0.06279999762773514,0.2410999983549118,0.30584999918937683,0.15629999339580536,0.08190000057220459,0.6592974662780762,0.44319031974957346,0.3235962390899658,0.5775628685951233
,,,,,,,,,,,
,,,,,,,,,,,
,,,,,,,,,,,
-117.2649542948572,34.4537598282991,0.17329999804496765,0.26660001277923584,0.29545000195503235,0.30820000171661377,0.3382999897003174,0.29820001125335693,0.07237298041582108,0.06467458494771065,-0.04655837267637253,0.016490750014781952
,,,,,,,,,,,
,,,,,,,,,,,
,,,,,,,,,,,
,,,,,,,,,,,
,,,,,,,,,,,
,,,,,,,,,,,
,,,,,,,,,,,
,,,,,,,,,,,
-93.25074096213208,48.51239402476961,0.03060000017285347,0.030300000682473183,0.07450000196695328,0.10480000078678131,0.06520000100135803,0.03999999910593033,0.5514433979988098,0.1761895749021777,0.2329411655664444,0.4475138187408447
-77.91649906221186,36.86349057794972,0.0637499988079071,0.09937500208616257,0.2797999978065491,0.3183000087738037,0.2671666741371155,0.1745000034570694,0.5241515636444092,0.381024073794443,0.08733773976564407,0.29180195927619934
,,,,,,,,,,,
,,,,,,,,,,,
,,,,,,,,,,,
,,,,,,,,,,,
-91.20931947897049,30.853761327190117,0.022450000047683716,0.021849999204277992,0.17835000157356262,0.2285500019788742,0.13809999823570251,0.05914999917149544,0.82547926902771,0.4337789413059392,0.24669304490089417,0.5888078212738037
,,,,,,,,,,,
,,,,,,,,,,,
,,,,,,,,,,,
-105.91024910358644,32.5807724609099,0.16060000658035278,0.30480000376701355,0.3381499946117401,0.3675999939441681,0.48864999413490295,0.45329999923706055,0.09339677542448044,0.07881920680187786,-0.14137226343154907,-0.10439761728048325
,,,,,,,,,,,
,,,,,,,,,,,
,,,,,,,,,,,
-107.6754386368813,32.67284977753215,0.1111999973654747,0.18019999563694,0.24789999425411224,0.2565999925136566,0.33970001339912415,0.27810001373291016,0.17490842938423157,0.12701156666975952,-0.13935941457748413,-0.04020950198173523
,,,,,,,,,,,
-82.37663444786527,32.05750380791027,0.028200000524520874,0.04320000112056732,0.14300000667572021,0.18219999969005585,0.1851000040769577,0.09989999979734421,0.6166814565658569,0.2825432927255388,-0.00789546500891447,0.2917405068874359
,,,,,,,,,,,
-112.3601528435646,34.372911452728346,0.03959999978542328,0.06260000169277191,0.1582999974489212,0.19519999623298645,0.17299999296665192,0.10279999673366547,0.5143522024154663,0.26024492406096084,0.060293328016996384,0.3100671172142029
-100.9245992767231,30.979525466966848,0.08110000193119049,0.12700000405311584,0.22439999878406525,0.25459998846054077,0.3228999972343445,0.25270000100135803,0.3343815207481384,0.22650616778832375,-0.11826841533184052,0.0037452937103807926
,,,,,,,,,,,
,,,,,,,,,,,
-81.07183149768167,33.27247522968193,0.02879999950528145,0.029200000688433647,0.20239999890327454,0.2492000013589859,0.15389999747276306,0.07440000027418137,0.790229856967926,0.45514730013988414,0.2364177703857422,0.5401730537414551
,,,,,,,,,,,
-76.27258209227313,36.76243010848627,0.04374999925494194,0.06639999896287918,0.2793999910354614,0.34904998540878296,0.2624000012874603,0.15315000712871552,0.6803466081619263,0.49785987965770856,0.14171229302883148,0.39008358120918274
,,,,,,,,,,,
,,,,,,,,,,,
,,,,,,,,,,,
,,,,,,,,,,,
,,,,,,,,,,,
,,,,,,,,,,,
,,,,,,,,,,,
,,,,,,,,,,,
-76.83852072126842,35.86636061257705,0.031199999153614044,0.039900001138448715,0.1517000049352646,0.2054000049829483,0.14419999718666077,0.08209999650716782,0.6746840476989746,0.34171622349286235,0.17505723237991333,0.4288696050643921
,,,,,,,,,,,
,,,,,,,,,,,
,,,,,,,,,,,
,,,,,,,,,,,
-90.26608843064496,29.892563973182227,0.04039999842643738,0.05204999819397926,0.20399999618530273,0.2527500092983246,0.15524999797344208,0.08839999884366989,0.6584646105766296,0.3975674685474131,0.23897060751914978,0.4817529022693634
,,,,,,,,,,,
-78.07370423693277,35.78775802521659,0.08473332971334457,0.13920000195503235,0.23013333976268768,0.32499998807907104,0.2879500091075897,0.19396667182445526,0.40025848150253296,0.3046500669620125,0.060445353388786316,0.2524888813495636
,,,,,,,,,,,
-80.67881856087938,39.879584144381006,0.05169999971985817,0.09229999780654907,0.3167000114917755,0.43415001034736633,0.29429998993873596,0.16500000655651093,0.6493494510650635,0.5340738855970821,0.19198299944400787,0.4492197334766388
,,,,,,,,,,,
,,,,,,,,,,,
,,,,,,,,,,,
,,,,,,,,,,,
-120.4113035774858,42.594742090632266,0.12359999865293503,0.18019999563694,0.251800000667572,0.2696000039577484,0.3271999955177307,0.27880001068115234,0.19875502586364746,0.1569743100886197,-0.0965147316455841,-0.016776086762547493
,,,,,,,,,,,
,,,,,,,,,,,
-106.13707371282662,31.736356093837543,0.12540000677108765,0.24539999663829803,0.27880001068115234,0.2971999943256378,0.4449000060558319,0.4253999888896942,0.09546627104282379,0.07079984672438965,-0.199029803276062,-0.1774148941040039
-76.40283780847045,36.8904400364733,0.03629999980330467,0.03830000013113022,0.01889999955892563,0.016200000420212746,0.010999999940395355,0.007499999832361937,-0.40550458431243896,-0.05673940860087982,0.19117648899555206,0.3670886158943176
-97.96914199196986,31.698177694262466,0.055399999022483826,0.08139999955892563,0.15919999778270721,0.21580000221729279,0.2304999977350235,0.15060000121593475,0.45222073793411255,0.26072786905122786,-0.03293747454881668,0.17794759571552277
,,,,,,,,,,,
-81.22005351956139,37.42493763052442,0.026200000196695328,0.05420000106096268,0.14319999516010284,0.18060000240802765,0.18490000069141388,0.10419999808073044,0.5383304953575134,0.24135034110299056,-0.011764701455831528,0.2682584524154663
,,,,,,,,,,,
-78.33196988111713,40.607219524517824,0.052299998700618744,0.0669500008225441,0.20589999854564667,0.21819999814033508,0.2032500058412552,0.13635000586509705,0.530422568321228,0.30800715948807095,0.03547275438904762,0.23085598647594452
-122.97374792543675,39.59436904167306,0.0729166641831398,0.11088889092206955,0.16013750433921814,0.18052856624126434,0.23748333752155304,0.18781428039073944,0.23896878957748413,0.1340268975950038,-0.1362515538930893,-0.019779708236455917
,,,,,,,,,,,
,,,,,,,,,,,
,,,,,,,,,,,
,,,,,,,,,,,
,,,,,,,,,,,
,,,,,,,,,,,
,,,,,,,,,,,
,,,,,,,,,,,
,,,,,,,,,,,
,,,,,,,,,,,
,,,,,,,,,,,
-120.4404988242197,38.4041012902147,0.007400000002235174,0.010859999805688858,0.1869249939918518,0.20149999856948853,0.09220000356435776,0.043779999017715454,0.8977208733558655,0.3935070493888413,0.37214842438697815,0.6430202126502991
,,,,,,,,,,,
-101.840880866525,30.8896939385549,0.12359999865293503,0.1817999929189682,0.2605000138282776,0.29490000009536743,0.37494999170303345,0.2886333465576172,0.23725615441799164,0.193836994721036,-0.11950435489416122,0.010739152319729328
-75.9379596489386,38.53435700641202,0.02410000003874302,0.026399999856948853,0.21310000121593475,0.2231999933719635,0.17589999735355377,0.07930000126361847,0.7884615063667297,0.4097097780520591,0.11851665377616882,0.4757024645805359
,,,,,,,,,,,
-72.48842895791964,42.66436152515153,0.02329999953508377,0.04360000044107437,0.1597999930381775,0.2117999941110611,0.14589999616146088,0.06870000064373016,0.6585747599601746,0.3237977777660166,0.18423259258270264,0.5101603865623474
,,,,,,,,,,,
-79.43914346879444,37.481082335781885,0.03359999880194664,0.043699998408555984,0.2865000069141388,0.35359999537467957,0.24889999628067017,0.1193000003695488,0.7800151109695435,0.5680818267802092,0.17377594113349915,0.4954535663127899
-120.31024310802238,41.480831138324056,0.06544999778270721,0.10726666450500488,0.1954050064086914,0.22750000655651093,0.178849995136261,0.1282999962568283,0.35915565490722656,0.21777851647658053,0.11972440034151077,0.2788083553314209
,,,,,,,,,,,
,,,,,,,,,,,
,,,,,,,,,,,
,,,,,,,,,,,
,,,,,,,,,,,
-102.74368772706512,30.575283589113067,0.09747499972581863,0.14982500672340393,0.211899995803833,0.23766666650772095,0.3364666700363159,0.2767600119113922,0.2266930192708969,0.15624025602822747,-0.1720854640007019,-0.07599400728940964
,,,,,,,,,,,
,,,,,,,,,,,
-84.09241664053356,30.49668100175261,0.04255000129342079,0.06015000119805336,0.22214999794960022,0.2841799855232239,0.2540000081062317,0.14270000159740448,0.6506258249282837,0.42239364683493724,0.05607784911990166,0.33142802119255066
-121.23999942708608,42.09842289615623,0.04500000178813934,0.0729999989271164,0.22819167375564575,0.2768999934196472,0.21822500228881836,0.1462000012397766,0.582737922668457,0.37008130972273473,0.11850541085004807,0.30891039967536926
-117.08079966161267,46.06448487554392,0.06062222272157669,0.10341999679803848,0.1380428522825241,0.16215555369853973,0.25760000944137573,0.20456667244434357,0.22116327285766602,0.11057071697600232,-0.22738103568553925,-0.11564916372299194
,,,,,,,,,,,
-81.31662241260423,35.217327819800694,0.03060000017285347,0.031433332711458206,0.23010000586509705,0.27649998664855957,0.17766666412353516,0.08399999886751175,0.795843243598938,0.4958454548040974,0.21761466562747955,0.5339805483818054
,,,,,,,,,,,
,,,,,,,,,,,
,,,,,,,,,,,
,,,,,,,,,,,
-113.6829220994306,35.201607302328604,0.0754999965429306,0.11294999718666077,0.15665000677108765,0.17550000548362732,0.20180000364780426,0.16850000619888306,0.2168487012386322,0.12150823184793959,-0.06970579922199249,0.02034883387386799
,,,,,,,,,,,
-75.87058600262964,35.66423967365015,0.02250000089406967,0.026066666468977928,0.2046000063419342,0.25653332471847534,0.11150000244379044,0.04755000025033951,0.8155225515365601,0.4630882264947947,0.3940765857696533,0.6872567534446716
,,,,,,,,,,,
,,,,,,,,,,,
-121.60830869357508,36.28183143148232,0.01889999955892563,0.026499999687075615,0.20469999313354492,0.2906000018119812,0.14030000567436218,0.07240000367164612,0.8328602910041809,0.5048361843294998,0.3488048017024994,0.6011019349098206
-93.01044162363011,30.761684010567865,0.02484999969601631,0.032499998807907104,0.18160000443458557,0.23919999599456787,0.13334999978542328,0.06174999848008156,0.760765552520752,0.41412056710136486,0.28412294387817383,0.5896328091621399
,,,,,,,,,,,
,,,,,,,,,,,
-118.05322595667208,33.75531969489617,0.06627500057220459,0.11469999700784683,0.21584999561309814,0.26660001277923584,0.3066500127315521,0.23586000502109528,0.3983740210533142,0.2605064642257079,-0.06986480206251144,0.061179012060165405
,,,,,,,,,,,
-119.96439172363635,35.030927398345895,0.05950000137090683,0.12809999287128448,0.2051125019788742,0.2435833364725113,0.3052000105381012,0.19885000586509705,0.3107035756111145,0.18436823717854664,-0.11227868497371674,0.10110750049352646
,,,,,,,,,,,
,,,,,,,,,,,
,,,,,,,,,,,
-84.5864900467993,30.182270652310773,0.025299999862909317,0.027950000017881393,0.1972000002861023,0.23649999499320984,0.12070000171661377,0.05624999850988388,0.7886179089546204,0.429309555025169,0.32418811321258545,0.6157130599021912
-75.73134713359111,40.20297764666404,0.044199999421834946,0.07850000262260437,0.23280000686645508,0.3052000105381012,0.2578999996185303,0.16449999809265137,0.590826153755188,0.3922959837894204,0.08399930596351624,0.29955291748046875
,,,,,,,,,,,
-85.44438114313344,37.144214104237065,0.03350000083446503,0.033399999141693115,0.21899999678134918,0.29019999504089355,0.21050000190734863,0.09995000064373016,0.7935723066329956,0.5180134733743924,0.15917713940143585,0.48763296008110046
,,,,,,,,,,,
-117.65796723165948,48.824558586001146,0.017799999564886093,0.03034999966621399,0.23305000364780426,0.25099998712539673,0.19314999878406525,0.10805000364780426,0.7842544913291931,0.4244575050612431,0.1302487701177597,0.39813393354415894
-83.76902313825053,34.687321802170175,0.032999999821186066,0.033799998462200165,0.19654999673366547,0.258899986743927,0.1419450044631958,0.07485000044107437,0.7690467834472656,0.463473876217241,0.2917710840702057,0.5514606833457947
,,,,,,,,,,,
,,,,,,,,,,,
-111.76951054425602,33.67896289574601,0.10147500038146973,0.17633333802223206,0.2114800065755844,0.24107499420642853,0.31644999980926514,0.2542666792869568,0.1551038920879364,0.10523590569687974,-0.1351957470178604,-0.026631485670804977
,,,,,,,,,,,
-121.21080418035218,36.30878089000591,0.055399999022483826,0.08640000224113464,0.17479999363422394,0.18240000307559967,0.22945000231266022,0.18330000340938568,0.3571428656578064,0.1867268323597775,-0.1142406165599823,-0.002461034571751952
,,,,,,,,,,,
,,,,,,,,,,,
-116.7035072422825,36.133609409602606,0.1387999951839447,0.219200000166893,0.2328999936580658,0.24799999594688416,0.2660999894142151,0.25360000133514404,0.061643827706575394,0.047299952625037424,-0.03520714491605759,-0.011164285242557526
-76.44775357267643,39.63479322945844,0.02759999968111515,0.036400001496076584,0.2045000046491623,0.24619999527931213,0.18799999356269836,0.09179999679327011,0.7423920631408691,0.41706423480096433,0.13403962552547455,0.4568047523498535
,,,,,,,,,,,
,,,,,,,,,,,
-104.8367623390636,30.862744480031314,0.11020000278949738,0.20319999754428864,0.24570000171661377,0.2590000033378601,0.3481000065803528,0.27239999175071716,0.12072697281837463,0.08445844718376597,-0.14676330983638763,-0.02521638758480549
,,,,,,,,,,,
,,,,,,,,,,,
,,,,,,,,,,,
-117.64898407881827,47.88357332588595,0.05770000070333481,0.10339999943971634,0.16820000112056732,0.2199999988079071,0.2498999983072281,0.1695999950170517,0.36054420471191406,0.20708272685387194,-0.06363055855035782,0.12936346232891083
-84.31474967335315,34.56829502702434,0.03669999912381172,0.04800000041723251,0.13950000703334808,0.1809999942779541,0.19380000233650208,0.10450000315904617,0.5807859897613525,0.2785340177741955,-0.03415156900882721,0.2679509222507477
-67.92049573817188,45.78151556104626,0.04989999905228615,0.08309999853372574,0.26019999384880066,0.3061999976634979,0.17229999601840973,0.0803999975323677,0.5730798840522766,0.3898850088387138,0.2798328101634979,0.5840662121772766
,,,,,,,,,,,
,,,,,,,,,,,
-106.9388201039033,32.45725410934346,0.1234000027179718,0.21070000529289246,0.2498749941587448,0.2608666718006134,0.3779333233833313,0.29385000467300415,0.10638297349214554,0.07840665074400273,-0.1832602620124817,-0.059459783136844635
-82.93358992401937,29.58713677658159,0.02604999952018261,0.02484999969601631,0.1766500025987625,0.24185000360012054,0.14489999413490295,0.06684999912977219,0.8136482834815979,0.45375656677447057,0.25067874789237976,0.566893458366394
-76.37364256173657,41.22705707056029,0.029500000178813934,0.03799999877810478,0.1868000030517578,0.2280000001192093,0.17810000479221344,0.07810000330209732,0.7142857313156128,0.3846932631246368,0.1228761225938797,0.4897092282772064
,,,,,,,,,,,
,,,,,,,,,,,
,,,,,,,,,,,
,,,,,,,,,,,
,,,,,,,,,,,
-110.8487373780335,37.19586723307394,0.12620000541210175,0.35920000076293945,0.37560001015663147,0.44179999828338623,0.5479000210762024,0.4864000082015991,0.10312109440565109,0.07790982710455932,-0.10720422118902206,-0.04805000126361847
,,,,,,,,,,,
-81.23801982524378,34.462742981140295,0.021299999207258224,0.025100000202655792,0.1680999994277954,0.21539999544620514,0.11890000104904175,0.05620000138878822,0.7912681698799133,0.3944041343671581,0.288662850856781,0.5861560702323914
-119.42315676495434,36.625437027658045,0.04910000041127205,0.07349999994039536,0.18060000240802765,0.22339999675750732,0.19454999268054962,0.12919999659061432,0.5048837661743164,0.2891254823712423,0.06902740895748138,0.26715826988220215
-81.66921116162115,27.334611201651892,0.055399999022483826,0.07124999910593033,0.29614999890327454,0.36090001463890076,0.27755001187324524,0.1534000039100647,0.6702533960342407,0.5274419331879979,0.1305505484342575,0.4034610092639923
,,,,,,,,,,,
,,,,,,,,,,,
-117.17287697823494,48.79311755105696,0.02239999920129776,0.024800000712275505,0.14169999957084656,0.15950000286102295,0.07050000131130219,0.03970000147819519,0.7308735847473145,0.2953170231481624,0.38695651292800903,0.6014056205749512
-78.76765279391509,35.24652306653458,0.01940000057220459,0.023600000888109207,0.16728000342845917,0.2290666699409485,0.11202500015497208,0.051010001450777054,0.81319260597229,0.4192626887426102,0.3431384563446045,0.6357426047325134
,,,,,,,,,,,
,,,,,,,,,,,
,,,,,,,,,,,
-123.18260622899454,38.70279112218443,0.019742857664823532,0.020500000566244125,0.18693333864212036,0.21410000324249268,0.10050000250339508,0.04845999926328659,0.8252344131469727,0.40705498354829617,0.3610934615135193,0.6308653354644775
,,,,,,,,,,,
,,,,,,,,,,,
-97.939946745236,47.20085370995511,0.08860000222921371,0.14380000531673431,0.23980000615119934,0.28850001096725464,0.27900001406669617,0.20319999754428864,0.33472126722335815,0.2433077803094924,0.01674008183181286,0.17347979545593262
,,,,,,,,,,,
-120.70999340945556,38.98126886026149,0.03759999945759773,0.08020000159740448,0.19304999709129333,0.22020000219345093,0.22630000114440918,0.16220000386238098,0.4660452604293823,0.24658306156318646,-0.01366181205958128,0.15167362987995148
,,,,,,,,,,,
,,,,,,,,,,,
-83.98911038285982,32.194496888738506,0.08252499997615814,0.13570000231266022,0.30774998664855957,0.3494749963283539,0.36596667766571045,0.3154500126838684,0.4406141936779022,0.3459730092957229,-0.023051049560308456,0.051171161234378815
-76.59372980634585,35.585637086289694,0.08320000022649765,0.1316000074148178,0.18029999732971191,0.21199999749660492,0.3264000117778778,0.25459998846054077,0.23399297893047333,0.1459059010789699,-0.21248145401477814,-0.09129873663187027
,,,,,,,,,,,
-122.18772205183215,44.03653812164409,0.01730000041425228,0.021700000390410423,0.18729999661445618,0.21899999678134918,0.10580000281333923,0.05260000005364418,0.8196925520896912,0.40448562268928256,0.3485221564769745,0.6126656532287598
,,,,,,,,,,,
-119.8700686188038,45.02243914596527,0.04839999973773956,0.0763000026345253,0.1396999955177307,0.14720000326633453,0.2078000009059906,0.17470000684261322,0.31722593307495117,0.14271336439353555,-0.1707042157649994,-0.08543026447296143
,,,,,,,,,,,
,,,,,,,,,,,
-82.22392084956496,27.011217699368864,0.06279999762773514,0.07680000364780426,0.24295000731945038,0.27810001373291016,0.19474999606609344,0.11784999817609787,0.5672020316123962,0.396916163745397,0.17627157270908356,0.40472283959388733
-121.44436615422326,44.885446065137046,0.08505000174045563,0.17640000581741333,0.23925000429153442,0.2856000065803528,0.3276999890804291,0.2150000035762787,0.23636363446712494,0.1600117209219658,-0.06864500790834427,0.14103077352046967
,,,,,,,,,,,
,,,,,,,,,,,
,,,,,,,,,,,
,,,,,,,,,,,
,,,,,,,,,,,
-82.47320334090813,34.03155164476292,0.021900000050663948,0.022700000554323196,0.14785000681877136,0.19975000619888306,0.12950000166893005,0.06404999643564224,0.7959091663360596,0.37776308838168104,0.21336370706558228,0.5144048929214478
,,,,,,,,,,,
,,,,,,,,,,,
,,,,,,,,,,,
,,,,,,,,,,,
,,,,,,,,,,,
-82.34519341292109,34.29880044178848,0.02710000053048134,0.03500000014901161,0.2069000005722046,0.2696000039577484,0.18780000507831573,0.08699999749660492,0.770190417766571,0.45951346348618416,0.1788368970155716,0.5120583176612854
,,,,,,,,,,,
,,,,,,,,,,,
,,,,,,,,,,,
-81.64675327951817,38.94084467247611,0.032099999487400055,0.0421999990940094,0.2203499972820282,0.2711000144481659,0.2041500061750412,0.08420000225305557,0.730609655380249,0.44583384570404694,0.1408732384443283,0.5260343551635742
,,,,,,,,,,,
,,,,,,,,,,,
,,,,,,,,,,,
,,,,,,,,,,,
,,,,,,,,,,,
-72.9510613292412,43.37852217602654,0.0385500006377697,0.04975000023841858,0.243149995803833,0.30630001425743103,0.14904999732971191,0.07859999686479568,0.7205448746681213,0.4874874340028059,0.3453387916088104,0.5915822386741638
,,,,,,,,,,,
,,,,,,,,,,,
-123.51049130769816,39.44390123158304,0.04270000010728836,0.060350000858306885,0.1981000006198883,0.2688499987125397,0.19679999351501465,0.1151999980211258,0.633353590965271,0.3976882531620991,0.154729962348938,0.4000781178474426
,,,,,,,,,,,
,,,,,,,,,,,
-76.8924196383156,35.693434920384036,0.024150000885128975,0.028200000524520874,0.1737000048160553,0.23810000717639923,0.11089999973773956,0.047850001603364944,0.7882087826728821,0.4279568699840156,0.3644699156284332,0.6653261184692383
,,,,,,,,,,,
,,,,,,,,,,,
,,,,,,,,,,,
,,,,,,,,,,,
-79.48181344479012,39.06885460046314,0.029600000008940697,0.03550000116229057,0.15489999949932098,0.16439999639987946,0.10859999805688858,0.06319999694824219,0.6448224186897278,0.27890772647718964,0.2043956071138382,0.44463974237442017
,,,,,,,,,,,
,,,,,,,,,,,
-101.3063832724739,30.494435213542307,0.09200000017881393,0.14100000262260437,0.22779999673366547,0.25200000405311584,0.34369999170303345,0.2632000148296356,0.28244274854660034,0.19708806813953794,-0.15393652021884918,-0.02173915132880211
,,,,,,,,,,,
,,,,,,,,,,,
-72.3649106063532,44.135352802897245,0.06199999898672104,0.10400000214576721,0.28790000081062317,0.3840000033378601,0.21559999883174896,0.10249999910593033,0.5737704634666443,0.4536616929213317,0.28085389733314514,0.5786228179931641
,,,,,,,,,,,
-117.36601476432064,36.25488197295874,0.1932000070810318,0.29339998960494995,0.3147999942302704,0.3319999873638153,0.3686999976634979,0.335999995470047,0.06172049790620804,0.05871972856273325,-0.05237621068954468,-0.005988036282360554
-121.2085583921419,38.25587926833497,0.09014999866485596,0.18790000677108765,0.29725000262260437,0.3199999928474426,0.3280999958515167,0.226500004529953,0.26009052991867065,0.1864475911886854,-0.01249807607382536,0.17108872532844543
,,,,,,,,,,,
-113.21130657526786,47.91726014904043,0.04699999839067459,0.04675000160932541,0.19689999520778656,0.23170000314712524,0.11084999889135361,0.059849999845027924,0.6642125844955444,0.3987022453458406,0.35279521346092224,0.5894357562065125
-119.43663149421612,35.08258052718276,0.2046000063419342,0.328000009059906,0.3241499960422516,0.40380001068115234,0.4896000027656555,0.353300005197525,0.10358021408319473,0.1031404791001058,-0.0960375964641571,0.06670189648866653
-114.17025814106545,38.0200715062536,0.0751200020313263,0.10220000147819519,0.18449999392032623,0.2101999968290329,0.1784999966621399,0.14169999957084656,0.3457106053829193,0.21428570668308097,0.08155389875173569,0.194657564163208
-118.42153522316109,47.91276857261983,0.019200000911951065,0.028200000524520874,0.18440000712871552,0.2013999968767166,0.13249999284744263,0.06889999657869339,0.7543553709983826,0.35300831019608697,0.2063492238521576,0.4901960790157318
,,,,,,,,,,,
,,,,,,,,,,,
,,,,,,,,,,,
,,,,,,,,,,,
-82.01506254600717,28.738228833088645,0.12269999831914902,0.17569999396800995,0.28790000081062317,0.32420000433921814,0.42980000376701355,0.29760000109672546,0.29705944657325745,0.2546034570025067,-0.14005304872989655,0.04277903214097023
,,,,,,,,,,,
-116.46994526841142,48.218195769220465,0.020899999886751175,0.019700000062584877,0.1826999932527542,0.22660000622272491,0.125,0.057999998331069946,0.8400324583053589,0.4353773091686662,0.28896474838256836,0.5924104452133179
,,,,,,,,,,,
,,,,,,,,,,,
,,,,,,,,,,,
-84.31025809693254,33.42743461619255,0.05480000004172325,0.08380000293254852,0.2669000029563904,0.33320000767707825,0.2647800147533417,0.155799999833107,0.5980815291404724,0.4375438603091034,0.11441852897405624,0.36278119683265686
,,,,,,,,,,,
,,,,,,,,,,,
,,,,,,,,,,,
,,,,,,,,,,,
,,,,,,,,,,,
,,,,,,,,,,,
-85.59484895322346,31.814958681198004,0.024700000882148743,0.03290000185370445,0.17880000174045563,0.2475000023841858,0.15584999322891235,0.07090000063180923,0.765335202217102,0.4259119583944298,0.2272220402956009,0.554648220539093
,,,,,,,,,,,
-123.27692933382708,47.82967440883878,0.2808000147342682,0.26980000734329224,0.35040000081062317,0.38280001282691956,0.0835999995470047,0.05909999832510948,0.17315354943275452,0.31543103017260704,0.641509473323822,0.7325186729431152
-97.3358297166656,29.941971313808804,0.03739999979734421,0.041099999099969864,0.19269999861717224,0.23559999465942383,0.18129999935626984,0.10040000081062317,0.7029273509979248,0.4046350941413912,0.1302470564842224,0.40238094329833984
,,,,,,,,,,,
,,,,,,,,,,,
-116.43401265704664,40.688067900088576,0.09300000220537186,0.1615999937057495,0.2092999964952469,0.22139999270439148,0.3181000053882599,0.25099998712539673,0.15613576769828796,0.10010043767186612,-0.17924006283283234,-0.06265875697135925
-120.16426687435296,46.92237597187806,0.08455000072717667,0.15940000116825104,0.20413333177566528,0.2295999974012375,0.3025999963283539,0.2337000072002411,0.18046271800994873,0.11308899924312664,-0.13716648519039154,-0.00884957890957594
-110.28504453724852,37.058874152245714,0.08482500165700912,0.22313334047794342,0.27720001339912415,0.29679998755455017,0.3341499865055084,0.32030001282691956,0.14168480038642883,0.09211036543685898,-0.05919644981622696,-0.03808138892054558
,,,,,,,,,,,
,,,,,,,,,,,
,,,,,,,,,,,
,,,,,,,,,,,
-78.52735345541312,39.20584768129137,0.03840000182390213,0.05130000039935112,0.2061000019311905,0.28519999980926514,0.2054000049829483,0.09350000321865082,0.6950965523719788,0.44808429399697836,0.1626579612493515,0.5062054395675659
,,,,,,,,,,,
,,,,,,,,,,,
,,,,,,,,,,,
,,,,,,,,,,,
-77.14394791786906,42.10516026078712,0.03020000085234642,0.03799999877810478,0.18209999799728394,0.20010000467300415,0.16429999470710754,0.09440000355243683,0.6808063983917236,0.33725866993156206,0.09824371337890625,0.358913391828537
,,,,,,,,,,,
-84.07894191127177,32.74022342384111,0.021916666999459267,0.025033332407474518,0.14543333649635315,0.18750500679016113,0.11892499774694443,0.05225000157952309,0.7644346952438354,0.3461764264045264,0.22380317747592926,0.5641384124755859
,,,,,,,,,,,
,,,,,,,,,,,
,,,,,,,,,,,
-81.29416453050125,34.2606220422134,0.027650000527501106,0.031050000339746475,0.19325000047683716,0.26080000400543213,0.14685000479221344,0.07090000063180923,0.7872194647789001,0.463308401618897,0.27952900528907776,0.5725052952766418
-120.09015586341307,41.036165072684895,0.08072353154420853,0.1276399940252304,0.154339998960495,0.17375384271144867,0.2020999938249588,0.1670999974012375,0.15300196409225464,0.08640941804154034,-0.07541801780462265,0.019521109759807587
-81.72311007866833,33.151202666325794,0.026499999687075615,0.02800000086426735,0.15449999272823334,0.21559999883174896,0.15199999511241913,0.0689999982714653,0.7701149582862854,0.3958306894539599,0.17301416397094727,0.5151089429855347
,,,,,,,,,,,
,,,,,,,,,,,
-119.23001897886864,42.909152440074095,0.08969999849796295,0.14830000698566437,0.17980000376701355,0.19760000705718994,0.2781499922275543,0.23855000734329224,0.14252673089504242,0.08712402002670053,-0.16931158304214478,-0.09388971328735352
,,,,,,,,,,,
,,,,,,,,,,,
,,,,,,,,,,,
,,,,,,,,,,,
-121.54991820010731,48.85150804452473,0.03720000013709068,0.05008571594953537,0.2464125007390976,0.30006667971611023,0.16546666622161865,0.09636666625738144,0.7139204740524292,0.47288242001757974,0.2891307771205902,0.5138316750526428
,,,,,,,,,,,
,,,,,,,,,,,
,,,,,,,,,,,
,,,,,,,,,,,
,,,,,,,,,,,
,,,,,,,,,,,
,,,,,,,,,,,
,,,,,,,,,,,
,,,,,,,,,,,
,,,,,,,,,,,
,,,,,,,,,,,
,,,,,,,,,,,
,,,,,,,,,,,
,,,,,,,,,,,
-75.11824695217955,38.28058293864826,0.19869999587535858,0.27900001406669617,0.3433000147342682,0.4000000059604645,0.4427666664123535,0.40533334016799927,0.17820322513580322,0.19100234037361044,-0.05074555426836014,-0.006622517481446266
,,,,,,,,,,,
,,,,,,,,,,,
-78.52735345541312,42.5318600207439,0.0575999990105629,0.09650000184774399,0.22769999504089355,0.2702000141143799,0.21459999680519104,0.15289999544620514,0.4736842215061188,0.3064140704705516,0.1146865040063858,0.27723947167396545
,,,,,,,,,,,
-79.9062674165366,37.86062054332238,0.026249999180436134,0.0430000014603138,0.17229999601840973,0.23880000412464142,0.19144999980926514,0.09730000048875809,0.6948190331459045,0.3765601857750668,0.11005230247974396,0.4210056662559509
,,,,,,,,,,,
-119.60731139819885,36.838786907636425,0.11914999783039093,0.2704666554927826,0.3223874866962433,0.3510666787624359,0.45358332991600037,0.34314998984336853,0.12967932224273682,0.09686377556472288,-0.12740527093410492,0.011403772048652172
-83.02342145243134,33.80248124731244,0.051600001752376556,0.09004999697208405,0.3303999900817871,0.414249986410141,0.2906000018119812,0.1680999994277954,0.6428713202476501,0.5170488959272306,0.1754273772239685,0.4226839542388916
,,,,,,,,,,,
,,,,,,,,,,,
,,,,,,,,,,,
-78.28705411691115,34.02481428013203,0.0430000014603138,0.06780000030994415,0.17489999532699585,0.23880000412464142,0.20309999585151672,0.1177000030875206,0.557729959487915,0.3231048379880154,0.0807875245809555,0.3396914303302765
-104.19671269912844,30.278839545353623,0.14300000667572021,0.22910000383853912,0.2773999869823456,0.30090001225471497,0.36719998717308044,0.33265000581741333,0.13547171652317047,0.11197755626680378,-0.09923660010099411,-0.05011442303657532
,,,,,,,,,,,
,,,,,,,,,,,
-109.71236854362232,32.07996169001326,0.12919999659061432,0.2544666528701782,0.3212999999523163,0.3489333391189575,0.41846001148223877,0.38749998807907104,0.15655732154846191,0.12385933463401078,-0.09060108661651611,-0.052369505167007446
,,,,,,,,,,,
,,,,,,,,,,,
-95.18211882298904,47.490560389083655,0.051350001245737076,0.06620000302791595,0.36469998955726624,0.44306665658950806,0.2240000069141388,0.1214333325624466,0.7400183081626892,0.6474741644044271,0.32840293645858765,0.5697667598724365
,,,,,,,,,,,
,,,,,,,,,,,
,,,,,,,,,,,
,,,,,,,,,,,
,,,,,,,,,,,
-85.11200448800922,33.50154562713241,0.024700000882148743,0.03290000185370445,0.17270000278949738,0.23215000331401825,0.1628500074148178,0.07729999721050262,0.7517449259757996,0.40032548462604467,0.17544302344322205,0.5004039406776428
,,,,,,,,,,,
,,,,,,,,,,,
,,,,,,,,,,,
,,,,,,,,,,,
,,,,,,,,,,,
-83.80270996140501,31.722881364575752,0.02150999940931797,0.02264999970793724,0.18787500262260437,0.2430499941110611,0.14845000207424164,0.0681999996304512,0.8295069336891174,0.4525202648277941,0.24163472652435303,0.561767041683197
,,,,,,,,,,,
,,,,,,,,,,,
,,,,,,,,,,,
,,,,,,,,,,,
,,,,,,,,,,,
-121.21304996856249,39.11152457645882,0.030649999156594276,0.06515000015497208,0.1582999974489212,0.18410000205039978,0.2301499992609024,0.13439999520778656,0.4772317111492157,0.2210761101617208,-0.11116474866867065,0.15604397654533386
-120.73918865618944,36.005599481615576,0.0385500006377697,0.06369999796152115,0.14117500185966492,0.16484999656677246,0.2261500060558319,0.15440000593662262,0.4425727427005768,0.20102549883623563,-0.1567775160074234,0.03273293748497963
,,,,,,,,,,,
,,,,,,,,,,,
,,,,,,,,,,,
,,,,,,,,,,,
-121.67568233988403,47.865607020203555,0.04924999922513962,0.05620000138878822,0.19900000095367432,0.29840001463890076,0.14714999496936798,0.07845000177621841,0.6830231547355652,0.47819306944769735,0.3394681215286255,0.58365398645401
,,,,,,,,,,,
,,,,,,,,,,,
,,,,,,,,,,,
,,,,,,,,,,,
,,,,,,,,,,,
,,,,,,,,,,,
-103.44661943688864,29.807224021190873,0.15371666848659515,0.23639999330043793,0.2881999909877777,0.2985333204269409,0.36666667461395264,0.3422499895095825,0.11615154147148132,0.09931427820518599,-0.10242536664009094,-0.06822379678487778
,,,,,,,,,,,
,,,,,,,,,,,
,,,,,,,,,,,
,,,,,,,,,,,
,,,,,,,,,,,
-124.24261826425555,43.51551525685477,0.005900000222027302,0.011300000362098217,0.12790000438690186,0.16500000655651093,0.0722000002861023,0.03480000048875809,0.8718094229698181,0.3232930993246587,0.3912310302257538,0.6516516804695129
-80.21394040134753,36.27958564327203,0.02500000037252903,0.032249998301267624,0.16425000131130219,0.2057500034570694,0.19505000114440918,0.09245000034570694,0.7289916276931763,0.3579533866726198,0.026696613058447838,0.37994635105133057
-117.01567180351402,36.42556187694145,0.11720000207424164,0.1826000064611435,0.20980000495910645,0.2094999998807907,0.2743000090122223,0.22990000247955322,0.06860493123531342,0.047156568585816766,-0.13393965363502502,-0.04642695188522339
,,,,,,,,,,,
-80.22067776597842,35.33410880673623,0.027400000020861626,0.031199999153614044,0.22830000519752502,0.2854500114917755,0.2037000060081482,0.09139999747276306,0.8029370307922363,0.5016178255982182,0.16712665557861328,0.5149263739585876
-112.7374452628948,47.32661784973184,0.036400001496076584,0.039900001138448715,0.19200000166893005,0.22100000083446503,0.11069999635219574,0.060499999672174454,0.6941356658935547,0.3812952674715382,0.3325293958187103,0.5701598525047302
-113.92546722614289,35.421694546937886,0.10913333296775818,0.1783200055360794,0.216279998421669,0.23148000240325928,0.29899999499320984,0.2786000072956085,0.12972180545330048,0.08962167963444817,-0.12728093564510345,-0.0923776775598526
-99.53221058633784,31.720635576365456,0.05719999969005585,0.08640000224113464,0.1981000006198883,0.23119999468326569,0.290800005197525,0.19900000095367432,0.45591938495635986,0.2741178087532338,-0.11417626589536667,0.07484889030456543
-113.3168586211519,35.201607302328604,0.07620000094175339,0.11580000072717667,0.17069999873638153,0.1907999962568283,0.19550000131130219,0.15960000455379486,0.24461838603019714,0.1426831974305413,-0.012166722677648067,0.08904106914997101
,,,,,,,,,,,
-100.95379452345698,29.85663136181745,0.1599999964237213,0.2053000032901764,0.2653000056743622,0.3212999999523163,0.48989999294281006,0.38260000944137573,0.22028103470802307,0.21432265293476604,-0.207840234041214,-0.08708624541759491
,,,,,,,,,,,
-118.84598919490756,37.06561151687661,0.19359999895095825,0.24480000138282776,0.28940001130104065,0.29339998960494995,0.2062000036239624,0.17640000581741333,0.09030098468065262,0.092733910868765,0.17453961074352264,0.2490421086549759
-104.05971961830022,30.30354321566691,0.13600000739097595,0.2248000055551529,0.26339998841285706,0.29339998960494995,0.3781000077724457,0.350600004196167,0.13238129019737244,0.10572060384665097,-0.12613554298877716,-0.08881989866495132
-90.28854631274795,31.13673064168777,0.023900000378489494,0.02410000003874302,0.19179999828338623,0.2485000044107437,0.13920000195503235,0.06560000032186508,0.8231841325759888,0.46216584429378366,0.281919002532959,0.5822986364364624
-74.51637571181946,43.36729323497505,0.026599999517202377,0.04190000146627426,0.23559999465942383,0.29429998993873596,0.15549999475479126,0.08380000293254852,0.750743567943573,0.46872676428182647,0.3085815906524658,0.5567309856414795
,,,,,,,,,,,
-81.65573643235936,29.093063370315853,0.06880000233650208,0.10249999910593033,0.2815999984741211,0.31859999895095825,0.26170000433921814,0.1696999967098236,0.5131797790527344,0.38110186846437016,0.0980527251958847,0.304935485124588
,,,,,,,,,,,
,,,,,,,,,,,
,,,,,,,,,,,
,,,,,,,,,,,
,,,,,,,,,,,
,,,,,,,,,,,
,,,,,,,,,,,
,,,,,,,,,,,
,,,,,,,,,,,
,,,,,,,,,,,
,,,,,,,,,,,
,,,,,,,,,,,
-117.23126747170272,34.31452095926058,0.10840000212192535,0.1745833307504654,0.33476001024246216,0.39774999022483826,0.3424625098705292,0.2649199962615967,0.3899242877960205,0.3418083398768125,0.07469136267900467,0.20044668018817902
,,,,,,,,,,,
,,,,,,,,,,,
,,,,,,,,,,,
,,,,,,,,,,,
,,,,,,,,,,,
-76.3197436446894,39.78301525133816,0.03180000185966492,0.04874999821186066,0.13590000569820404,0.23350000381469727,0.13334999978542328,0.07204999774694443,0.6545615792274475,0.3587378807696675,0.2729998826980591,0.528391420841217
,,,,,,,,,,,
-100.47544163466334,30.112651217791512,0.09179999679327011,0.12860000133514404,0.1762000024318695,0.23280000686645508,0.30090001225471497,0.2168000042438507,0.28832319378852844,0.1979633757291589,-0.1275997757911682,0.03558719530701637
-117.90949551121297,47.946455395774315,0.029249999672174454,0.039799999445676804,0.19715000689029694,0.22785000503063202,0.18805000185966492,0.09764999896287918,0.7025966644287109,0.37692169921879143,0.09569608420133591,0.4000000059604645
,,,,,,,,,,,
-121.0041916650047,48.334976756156,0.07180000096559525,0.051249999552965164,0.21414999663829803,0.20634999871253967,0.07554999738931656,0.03954999893903732,0.6020962595939636,0.39754959999601863,0.4639943242073059,0.6783245205879211
-76.74868919285647,36.897177401104194,0.0649000033736229,0.10019999742507935,0.25130000710487366,0.29420000314712524,0.27854999899864197,0.18494999408721924,0.4918864369392395,0.34430130071516507,0.027324318885803223,0.2280079573392868
-116.6788035719692,39.848143109436826,0.22699999809265137,0.3208000063896179,0.38510000705718994,0.3871999979019165,0.43140000104904175,0.3865000009536743,0.09378530085086823,0.10313760395631141,-0.05399462953209877,0.0009047394851222634
,,,,,,,,,,,
-114.02428190739602,32.30229472283285,0.21140000224113464,0.33586665987968445,0.37505000829696655,0.39419999718666077,0.48945000767707825,0.46230000257492065,0.07990138232707977,0.07995687707239321,-0.10779155790805817,-0.07950963824987411
,,,,,,,,,,,
,,,,,,,,,,,
,,,,,,,,,,,
,,,,,,,,,,,
,,,,,,,,,,,
,,,,,,,,,,,
,,,,,,,,,,,
-77.40670513847402,35.61258654481328,0.11959999799728394,0.1720000058412552,0.2240999937057495,0.26260000467300415,0.32919999957084656,0.2475000023841858,0.2084675431251526,0.16206352905542934,-0.11253800988197327,0.029602043330669403
-72.17401860847781,42.31626435255521,0.02250000089406967,0.020099999383091927,0.1615000069141388,0.15916666388511658,0.1128000020980835,0.05299999937415123,0.7757530808448792,0.312926597604687,0.17048655450344086,0.5003927946090698
-90.82079811858878,31.05812805432731,0.0243500005453825,0.030899999663233757,0.1421000063419342,0.1813499927520752,0.14399999380111694,0.06955000013113022,0.7088339328765869,0.3176395962971953,0.11479944735765457,0.4455958306789398
,,,,,,,,,,,
,,,,,,,,,,,
,,,,,,,,,,,
,,,,,,,,,,,
,,,,,,,,,,,
,,,,,,,,,,,
-117.73881560723024,39.66398847619232,0.1300400048494339,0.21060000360012054,0.2420833259820938,0.2637428641319275,0.2775999903678894,0.22692500054836273,0.11203470081090927,0.0856014712378205,-0.025597689673304558,0.07503622025251389
,,,,,,,,,,,
,,,,,,,,,,,
,,,,,,,,,,,
,,,,,,,,,,,
,,,,,,,,,,,
,,,,,,,,,,,
,,,,,,,,,,,
-80.54182548005114,27.42668851827414,0.12150000035762787,0.18569999933242798,0.2863999903202057,0.3212999999523163,0.4156999886035919,0.33079999685287476,0.2674556374549866,0.22240446320989804,-0.12808682024478912,-0.014568313024938107
,,,,,,,,,,,
-78.06022950767097,35.18588678485651,0.044733334332704544,0.07289999723434448,0.2219666689634323,0.29891249537467957,0.2804250121116638,0.172366663813591,0.6078668832778931,0.4033596622910803,0.031911421567201614,0.2685156464576721
,,,,,,,,,,,
,,,,,,,,,,,
,,,,,,,,,,,
-101.64100571580842,32.13610639527074,0.14300000667572021,0.33320000767707825,0.3865000009536743,0.41839998960494995,0.5745000243186951,0.557699978351593,0.11335814744234085,0.09082766454634832,-0.15721626579761505,-0.14271077513694763
,,,,,,,,,,,
,,,,,,,,,,,
-89.37675629936665,30.575283589113067,0.024399999529123306,0.025499999523162842,0.2130499929189682,0.2777499854564667,0.12269999831914902,0.0531499981880188,0.8318219184875488,0.5054097149627722,0.3871893882751465,0.6787549257278442
-95.81543109829332,29.47709315427695,0.06255000084638596,0.08619999885559082,0.18975000083446503,0.23325000703334808,0.29789999127388,0.1993499994277954,0.46032243967056274,0.28691005187425883,-0.12171699851751328,0.07836340367794037
-84.50788745943883,29.96442919591179,0.02370000071823597,0.02710000053048134,0.18539999425411224,0.23080000281333923,0.10090000182390213,0.04600000008940697,0.7898409962654114,0.41891169781749343,0.391618937253952,0.6676300764083862
-119.6701934680872,45.184135897106785,0.06800000369548798,0.1306000053882599,0.20059999823570251,0.2176000028848648,0.2840000092983246,0.2013999968767166,0.2498563975095749,0.14585568176491942,-0.13237640261650085,0.03866349905729294
,,,,,,,,,,,
,,,,,,,,,,,
,,,,,,,,,,,
,,,,,,,,,,,
,,,,,,,,,,,
,,,,,,,,,,,
,,,,,,,,,,,
,,,,,,,,,,,
-77.14170212965877,35.81470748374017,0.017400000244379044,0.020999999716877937,0.1758333295583725,0.2399500012397766,0.10019999742507935,0.04374999925494194,0.8390496373176575,0.4430571895444126,0.4108481705188751,0.6915755867958069
,,,,,,,,,,,
,,,,,,,,,,,
,,,,,,,,,,,
,,,,,,,,,,,
-79.36503245785458,35.457627158302664,0.022600000724196434,0.023800000548362732,0.16979999840259552,0.2214999943971634,0.11020000278949738,0.050599999725818634,0.8059518933296204,0.4136675492345986,0.3355441391468048,0.6280779242515564
-70.59298370842745,45.00447284028288,0.03680000081658363,0.03420000150799751,0.19670000672340393,0.28519999980926514,0.08320000022649765,0.04610000178217888,0.7858484387397766,0.5167160691214178,0.5483170747756958,0.7217023968696594
-98.263340247519,30.15307540557689,0.054499998688697815,0.08534999936819077,0.17595000565052032,0.21654999256134033,0.2624500095844269,0.1851000040769577,0.4345809817314148,0.2485036618906539,-0.09582466632127762,0.07830197364091873
,,,,,,,,,,,
,,,,,,,,,,,
,,,,,,,,,,,
,,,,,,,,,,,
,,,,,,,,,,,
,,,,,,,,,,,
,,,,,,,,,,,
,,,,,,,,,,,
,,,,,,,,,,,
-93.0216705646816,47.71289342190324,0.032099999487400055,0.05225000157952309,0.2151000052690506,0.25110000371932983,0.14589999616146088,0.07259999960660934,0.6555134057998657,0.37551459678240334,0.26498743891716003,0.5514365434646606
,,,,,,,,,,,
,,,,,,,,,,,
,,,,,,,,,,,
,,,,,,,,,,,
-79.85236849948942,37.13747673960617,0.030400000512599945,0.029650000855326653,0.2154500037431717,0.3059000074863434,0.19347499310970306,0.09082499891519547,0.8232752084732056,0.5499482495241311,0.22513143718242645,0.5421261787414551
,,,,,,,,,,,
,,,,,,,,,,,
,,,,,,,,,,,
,,,,,,,,,,,
-84.4135643546063,37.95718943636523,0.04100000113248825,0.05350000038743019,0.2799000144004822,0.3571999967098236,0.2387000024318695,0.12950000166893005,0.7394691705703735,0.5539140556253003,0.1988588571548462,0.4678446650505066
-122.01704214784948,39.98513619026505,0.06800000369548798,0.13920000195503235,0.19200000166893005,0.2133333384990692,0.2640666663646698,0.2125999927520752,0.2102874517440796,0.12046105121555709,-0.10627005994319916,0.0017217383719980717
-123.15341098226064,43.39873426991924,0.033149998635053635,0.04834999889135361,0.19054999947547913,0.2446500062942505,0.16979999840259552,0.0934000015258789,0.6699658632278442,0.38157256467101375,0.18060080707073212,0.44741901755332947
-78.65536338340016,36.95556789457196,0.025575000792741776,0.03603333234786987,0.17698749899864197,0.22699999809265137,0.16095000505447388,0.07724285870790482,0.7260169982910156,0.3815098597466422,0.17025387287139893,0.4922289550304413
-81.92298522938492,31.664490871107983,0.06560000032186508,0.10100000351667404,0.27410000562667847,0.3163999915122986,0.3407000005245209,0.22824999690055847,0.516051709651947,0.37646809714045454,-0.03698068857192993,0.1618470549583435
,,,,,,,,,,,
-84.73471206867902,33.62955555511944,0.03294999897480011,0.03454999998211861,0.18365000188350677,0.23704999685287476,0.17960000038146973,0.09120000153779984,0.7455817461013794,0.4228528391085329,0.13788551092147827,0.4443259537220001
,,,,,,,,,,,
,,,,,,,,,,,
-78.27133359943906,40.57353270136334,0.050450000911951065,0.0843999981880188,0.28084999322891235,0.3487499952316284,0.2916499972343445,0.18045000731945038,0.6102966666221619,0.44751231749525316,0.08916302025318146,0.31802719831466675
,,,,,,,,,,,
,,,,,,,,,,,
-69.10627191320964,44.93260761755331,0.03929999843239784,0.05939999967813492,0.2240000069141388,0.24779999256134033,0.164900004863739,0.07540000230073929,0.61328125,0.3596929866351267,0.2008722722530365,0.5334157943725586
,,,,,,,,,,,
,,,,,,,,,,,
,,,,,,,,,,,
,,,,,,,,,,,
,,,,,,,,,,,
,,,,,,,,,,,
,,,,,,,,,,,
,,,,,,,,,,,
,,,,,,,,,,,
,,,,,,,,,,,
,,,,,,,,,,,
,,,,,,,,,,,
-74.85548973157458,44.47895839907296,0.028699999675154686,0.031099999323487282,0.19449999928474426,0.22955000400543213,0.1578499972820282,0.07594999670982361,0.7613658308982849,0.41312766318636407,0.18508003652095795,0.5027823448181152
,,,,,,,,,,,
,,,,,,,,,,,
-73.33059953678169,43.88157873513348,0.03220000118017197,0.035999998450279236,0.3003999888896942,0.32580000162124634,0.20669999718666077,0.11020000278949738,0.8009950518608093,0.5571791256915168,0.22366197407245636,0.4944953918457031
,,,,,,,,,,,
-112.21193082168487,33.41845146335135,0.07280000299215317,0.11240000277757645,0.3028999865055084,0.33880001306533813,0.2930999994277954,0.2037000060081482,0.5017730593681335,0.38576882695425657,0.0723215863108635,0.24903225898742676
-87.15791754759142,31.850891292562785,0.026374999433755875,0.02866666577756405,0.13484999537467957,0.17579999566078186,0.13644999265670776,0.06939999759197235,0.7195956707000732,0.3198585431962676,0.12602083384990692,0.43393149971961975
,,,,,,,,,,,
,,,,,,,,,,,
,,,,,,,,,,,
,,,,,,,,,,,
,,,,,,,,,,,
,,,,,,,,,,,
-74.51188413539886,41.539221631791825,0.025599999353289604,0.03959999978542328,0.11460000276565552,0.15119999647140503,0.12780000269412994,0.06790000200271606,0.5849056839942932,0.23312165082466968,0.08387094736099243,0.3801916837692261
,,,,,,,,,,,
,,,,,,,,,,,
-119.92621332406128,38.03130044730509,0.05162249878048897,0.09738990664482117,0.21026666462421417,0.242208331823349,0.24300000071525574,0.17020000517368317,0.42644044756889343,0.251529343688844,-0.001631606137380004,0.17460444569587708
,,,,,,,,,,,
,,,,,,,,,,,
-91.02741063393628,30.981771255177147,0.019050000235438347,0.022700000554323196,0.196150004863739,0.25665000081062317,0.0997999981045723,0.04235000163316727,0.8374798893928528,0.46790935781231,0.4400336742401123,0.7167224287986755
,,,,,,,,,,,
,,,,,,,,,,,
,,,,,,,,,,,
-118.86395550058994,47.23678632131989,0.08529999852180481,0.14650000631809235,0.18359999358654022,0.23019999265670776,0.31725001335144043,0.22754999995231628,0.2221926897764206,0.14240019048986005,-0.15900999307632446,0.005789170507341623
-77.76153967570123,35.82144484837107,0.029200000688433647,0.03085000067949295,0.18876667320728302,0.2698250114917755,0.17482499778270721,0.07769999653100967,0.794795036315918,0.48339302304004655,0.21365121006965637,0.5528379678726196
-85.24226020420654,33.72163287174169,0.025200000032782555,0.043699998408555984,0.15109999477863312,0.18870000541210175,0.16940000653266907,0.09220000356435776,0.6239243149757385,0.287265249835791,0.053895555436611176,0.3435386121273041
,,,,,,,,,,,
,,,,,,,,,,,
-116.57998889071604,34.644651826174496,0.13064999878406525,0.21709999442100525,0.25665000081062317,0.27459999918937683,0.3359000086784363,0.28626665472984314,0.11694123595952988,0.08999421794915921,-0.10040951520204544,-0.02080112136900425
,,,,,,,,,,,
-121.77674280934748,40.317512845389274,0.02328571490943432,0.042633332312107086,0.16380000114440918,0.21764999628067017,0.13818000257015228,0.09790000319480896,0.6724082827568054,0.33687962621758616,0.22333696484565735,0.37949609756469727
,,,,,,,,,,,
,,,,,,,,,,,
-97.27519343498754,47.87234438483445,0.057339999824762344,0.08659999817609787,0.17915000021457672,0.21673333644866943,0.2333499938249588,0.14030000567436218,0.4290110170841217,0.24905266644835097,-0.03691906854510307,0.21407897770404816
,,,,,,,,,,,
,,,,,,,,,,,
,,,,,,,,,,,
-112.47917961871045,32.50441566175974,0.09560000151395798,0.16439999639987946,0.19979999959468842,0.21080000698566437,0.24639999866485596,0.22040000557899475,0.1236674040555954,0.07836780739065947,-0.07786525040864944,-0.02226344682276249
,,,,,,,,,,,
,,,,,,,,,,,
-111.97163148318292,37.09929834003109,0.08914999663829803,0.24410000443458557,0.32304999232292175,0.35420000553131104,0.42774999141693115,0.3971000015735626,0.18402139842510223,0.128012834025172,-0.09405970573425293,-0.057101018726825714
-119.95765435900546,43.23254594235712,0.08590000122785568,0.14069999754428864,0.19130000472068787,0.20679999887943268,0.2747499942779541,0.22869999706745148,0.1902158260345459,0.11746934869883267,-0.14110682904720306,-0.050287023186683655
-103.51399308319762,32.017079620124896,0.08595000207424164,0.20499999821186066,0.2529500126838684,0.2747499942779541,0.4145500063896179,0.385699987411499,0.14538821578025818,0.09374369634608061,-0.20281445980072021,-0.1679915189743042
,,,,,,,,,,,
-88.46496628598533,31.80597552835681,0.019200000911951065,0.021449999883770943,0.13130000233650208,0.18905000388622284,0.10875000059604645,0.05274999886751175,0.7961995005607605,0.35697551549254136,0.2696440517902374,0.5636889934539795
-120.35515887222834,41.03841086089519,0.0644933357834816,0.11133749783039093,0.15397778153419495,0.17736363410949707,0.2463500052690506,0.19939999282360077,0.228700652718544,0.12122106358866601,-0.16281366348266602,-0.058488551527261734
,,,,,,,,,,,
,,,,,,,,,,,
,,,,,,,,,,,
,,,,,,,,,,,
-92.72971809734275,47.71738499832384,0.03125,0.03869999945163727,0.149399995803833,0.1777999997138977,0.12210000306367874,0.06584999710321426,0.6424942016601562,0.2958001077839572,0.18572856485843658,0.45947057008743286
,,,,,,,,,,,
-89.76976923616894,30.41807841439215,0.025200000032782555,0.023099999874830246,0.17720000445842743,0.219200000166893,0.11949999630451202,0.050700001418590546,0.8093273043632507,0.41944729729491437,0.29436081647872925,0.6243053078651428
,,,,,,,,,,,
-95.77500691050794,29.903792914233723,0.04650000110268593,0.0714000016450882,0.19169999659061432,0.24199999868869781,0.2623000144958496,0.1542000025510788,0.5443522334098816,0.32270267659042584,-0.04025384783744812,0.22160524129867554
,,,,,,,,,,,
,,,,,,,,,,,
,,,,,,,,,,,
,,,,,,,,,,,
,,,,,,,,,,,
,,,,,,,,,,,
,,,,,,,,,,,
,,,,,,,,,,,
,,,,,,,,,,,
,,,,,,,,,,,
,,,,,,,,,,,
,,,,,,,,,,,
,,,,,,,,,,,
,,,,,,,,,,,
,,,,,,,,,,,
-102.69428038643856,48.921127479044,0.0689999982714653,0.13910000026226044,0.30375000834465027,0.4075999855995178,0.20999999344348907,0.1083500012755394,0.4911285638809204,0.3891981001274355,0.3199481964111328,0.5799980759620667
,,,,,,,,,,,
,,,,,,,,,,,
,,,,,,,,,,,
-82.63040851562904,36.06174418687304,0.0369499996304512,0.052299998700618744,0.1632000058889389,0.19480000436306,0.19760000705718994,0.1034500002861023,0.576689600944519,0.2892872485007807,-0.007135582622140646,0.30628669261932373
-74.32997529036466,43.49979473938268,0.033799998462200165,0.06705000251531601,0.2632000148296356,0.36880001425743103,0.19130000472068787,0.11079999804496765,0.6923253536224365,0.49708421786576173,0.31690770387649536,0.5379483103752136
,,,,,,,,,,,
,,,,,,,,,,,
-68.37414495665223,45.57714883390908,0.022199999541044235,0.017400000244379044,0.17270000278949738,0.22630000114440918,0.10809999704360962,0.04969999939203262,0.8572014570236206,0.44859130693593774,0.3534689247608185,0.6398550868034363
,,,,,,,,,,,
,,,,,,,,,,,
-118.89988811195472,35.21957360801099,0.09790000319480896,0.1937333345413208,0.22117142379283905,0.25333333015441895,0.43277499079704285,0.4251333475112915,0.13331344723701477,0.08861223173711202,-0.2615354657173157,-0.25321805477142334
,,,,,,,,,,,
-99.09877346175016,29.259251697877964,0.06844999641180038,0.11580000072717667,0.21205000579357147,0.243599995970726,0.32615000009536743,0.21160000562667847,0.35559263825416565,0.22420658023564613,-0.14488811790943146,0.07029874622821808
,,,,,,,,,,,
-93.08455263456996,31.17041746484225,0.021950000897049904,0.022450000047683716,0.1847500056028366,0.23205000162124634,0.10899999737739563,0.046300001442432404,0.8235756158828735,0.4358947746990941,0.36079755425453186,0.6673253178596497
-84.28106285019867,30.779650316250255,0.033799998462200165,0.041600000113248825,0.28209999203681946,0.3571999967098236,0.21709999442100525,0.10080000013113022,0.791374146938324,0.5830192760579794,0.24394915997982025,0.5598253011703491
-79.99160736852795,33.092812172858025,0.06499999761581421,0.09139999747276306,0.2206999957561493,0.2410999983549118,0.23919999599456787,0.1598999947309494,0.4502255618572235,0.28744239777033764,0.003955865744501352,0.20249377191066742
,,,,,,,,,,,
-98.3262223174074,30.519138883855597,0.05559999868273735,0.08060000091791153,0.1923000067472458,0.22380000352859497,0.2825999855995178,0.19609999656677246,0.47043365240097046,0.2774333549898547,-0.11611371487379074,0.0659681037068367
-120.31024310802238,34.53011662744926,0.06369999796152115,0.11500000208616257,0.18860000371932983,0.24230000376701355,0.29649999737739563,0.19859999418258667,0.3562832474708557,0.21879618940164805,-0.10059390217065811,0.09911546856164932
-121.23999942708608,40.06823035404611,0.03584999963641167,0.0710500031709671,0.1647000014781952,0.20845000445842743,0.17035000026226044,0.11349999904632568,0.4915921092033386,0.2514871394724155,0.10058078914880753,0.2949215769767761
,,,,,,,,,,,
,,,,,,,,,,,
,,,,,,,,,,,
,,,,,,,,,,,
,,,,,,,,,,,
,,,,,,,,,,,
,,,,,,,,,,,
,,,,,,,,,,,
,,,,,,,,,,,
-104.43027467299952,47.81844546778728,0.1729000061750412,0.3375999927520752,0.3459666669368744,0.41152000427246094,0.4429999887943268,0.38690000772476196,0.09867579489946365,0.08634022911247241,-0.036839377135038376,0.030835896730422974
-75.3607920788918,39.67970899366441,0.04385000094771385,0.07500000298023224,0.2772499918937683,0.3546000123023987,0.24914999306201935,0.15164999663829803,0.6508379578590393,0.47366549484161374,0.1746584177017212,0.40088891983032227
,,,,,,,,,,,
-123.18485201720485,43.35157271750296,0.03293333202600479,0.05460000038146973,0.2669999897480011,0.313400000333786,0.22701667249202728,0.11772499978542328,0.7032608389854431,0.46413199003784694,0.15984578430652618,0.4538706839084625
,,,,,,,,,,,
-102.91661341925814,48.79087176284666,0.07800000160932541,0.12780000269412994,0.27059999108314514,0.3147999942302704,0.28540000319480896,0.193900004029274,0.42250338196754456,0.31237470223409364,0.048983655869960785,0.2376646101474762
-123.75752801083104,47.25250683879198,0.01940000057220459,0.019600000232458115,0.1907999962568283,0.2303999960422516,0.09860000014305115,0.04560000076889992,0.8431999683380127,0.43825363204033946,0.4006078839302063,0.6695652008056641
,,,,,,,,,,,
,,,,,,,,,,,
-122.3022572505574,44.13086122647665,0.06620000302791595,0.1006999984383583,0.2093999981880188,0.23170000314712524,0.2535000145435333,0.1973000019788742,0.3941034972667694,0.24451248233998477,-0.04492994770407677,0.08018647879362106
-76.63864557055183,37.57989701703504,0.01730000041425228,0.02044999971985817,0.15459999442100525,0.21649999916553497,0.09375,0.04170000180602074,0.8273897171020508,0.40524618702101817,0.39564865827560425,0.6769945621490479
,,,,,,,,,,,
,,,,,,,,,,,
,,,,,,,,,,,
,,,,,,,,,,,
,,,,,,,,,,,
,,,,,,,,,,,
,,,,,,,,,,,
,,,,,,,,,,,
,,,,,,,,,,,
,,,,,,,,,,,
,,,,,,,,,,,
-99.86907881788264,28.367673778389342,0.06710000336170197,0.14065000414848328,0.2503499984741211,0.29374998807907104,0.3730500042438507,0.2773999869823456,0.35244011878967285,0.23418377550999336,-0.11892624199390411,0.02862645871937275
,,,,,,,,,,,
-96.0512388603747,48.59099661213007,0.05014999955892563,0.07419999688863754,0.2596000134944916,0.28940001130104065,0.19259999692440033,0.11354999989271164,0.5918592214584351,0.39603234335452125,0.2008299082517624,0.43640652298927307
,,,,,,,,,,,
-93.99185107153068,30.534859401327687,0.025100000202655792,0.026799999177455902,0.18915000557899475,0.23190000653266907,0.13905000686645508,0.06764999777078629,0.7928102016448975,0.42571299626804443,0.2503032684326172,0.5483224987983704
,,,,,,,,,,,
-122.16077259330858,37.30591085537858,0.0203000009059906,0.022199999541044235,0.18799999356269836,0.26919999718666077,0.10080000013113022,0.04619999974966049,0.847632110118866,0.4939407272888359,0.45513513684272766,0.7070387005805969
,,,,,,,,,,,
-74.64438563980649,40.68582211187828,0.028999999165534973,0.04540000110864639,0.17030000686645508,0.21899999678134918,0.17960000038146973,0.10610000044107437,0.656580924987793,0.340686071025924,0.0988459512591362,0.34727776050567627
,,,,,,,,,,,
,,,,,,,,,,,
-115.347051163262,46.86173969019999,0.01679999940097332,0.018699999898672104,0.1753000020980835,0.20319999754428864,0.09520000219345093,0.047600001096725464,0.8314555883407593,0.3878005663022247,0.3619302809238434,0.620414674282074
,,,,,,,,,,,
,,,,,,,,,,,
,,,,,,,,,,,
,,,,,,,,,,,
-122.26632463919265,41.46061904443137,0.06807000190019608,0.08785555511713028,0.10317999869585037,0.11492499709129333,0.186599999666214,0.15974999964237213,0.13349130749702454,0.05980699297622544,-0.23770833015441895,-0.16319286823272705
,,,,,,,,,,,
,,,,,,,,,,,
,,,,,,,,,,,
-108.6074407441553,32.80535128193978,0.06930000334978104,0.11060000211000443,0.1777999997138977,0.18960000574588776,0.23559999465942383,0.2021999955177307,0.2631579041481018,0.14811204775930303,-0.10818435996770859,-0.032159239053726196
,,,,,,,,,,,
-88.36390581652188,33.472350380398524,0.025350000709295273,0.03180000185966492,0.16725000739097595,0.20524999499320984,0.13705000281333923,0.07114999741315842,0.7317021489143372,0.3595787321225433,0.19924041628837585,0.48516643047332764
-116.99545970962131,43.96242711070423,0.08839999884366989,0.1379999965429306,0.25999999046325684,0.30399999022483826,0.24740000069141388,0.2003999948501587,0.37556561827659607,0.2825050989626426,0.10264778882265091,0.20539253950119019
,,,,,,,,,,,
,,,,,,,,,,,
-107.30712937039227,32.5852640373305,0.10409999638795853,0.20024999976158142,0.2999500036239624,0.35839998722076416,0.39605000615119934,0.3057500123977661,0.2830931544303894,0.222226886876064,-0.049903929233551025,0.07927422225475311
,,,,,,,,,,,
,,,,,,,,,,,
,,,,,,,,,,,
,,,,,,,,,,,
-102.45622683614688,48.99299270177355,0.08799999952316284,0.1281999945640564,0.1949000060558319,0.23440000414848328,0.2775000035762787,0.2110999971628189,0.2928847372531891,0.19760347490294394,-0.08419612795114517,0.05230079963803291
-91.371016230112,30.112651217791512,0.03099999949336052,0.03590000048279762,0.14695000648498535,0.17659999430179596,0.16404999792575836,0.08205000311136246,0.6621176600456238,0.30336350517000815,0.03684132173657417,0.3655518591403961
,,,,,,,,,,,
,,,,,,,,,,,
,,,,,,,,,,,
,,,,,,,,,,,
-103.7475550570687,29.63205254078757,0.13289999961853027,0.22190000116825104,0.26625001430511475,0.27274999022483826,0.3346000015735626,0.3176000118255615,0.10279993712902069,0.0790873289995805,-0.10183586180210114,-0.07597191631793976
-118.32721211832852,39.97390724921356,0.21780000627040863,0.2879999876022339,0.3050000071525574,0.3124000132083893,0.3546999990940094,0.3353999853134155,0.040639616549015045,0.04335778570401084,-0.063408762216568,-0.035504743456840515
-90.71973764912534,31.942968609185037,0.025699999183416367,0.026900000870227814,0.19744999706745148,0.2273000031709671,0.1603499948978424,0.07114999741315842,0.7883556485176086,0.41891383391496056,0.17270736396312714,0.5232032537460327
,,,,,,,,,,,
,,,,,,,,,,,
,,,,,,,,,,,
,,,,,,,,,,,
,,,,,,,,,,,
,,,,,,,,,,,
-98.00732039154497,28.810094055818205,0.06756249815225601,0.10260000079870224,0.19644999504089355,0.23010000586509705,0.31885001063346863,0.21719999611377716,0.3832281529903412,0.23805412273696683,-0.16167229413986206,0.028839726001024246
,,,,,,,,,,,
-100.97176082913936,48.334976756156,0.0851999968290329,0.149399995803833,0.2858000099658966,0.3312999904155731,0.2542000114917755,0.18310000002384186,0.37840649485588074,0.28624031577518283,0.13168229162693024,0.2881026268005371
,,,,,,,,,,,
,,,,,,,,,,,
,,,,,,,,,,,
,,,,,,,,,,,
,,,,,,,,,,,
,,,,,,,,,,,
-99.09428188532956,29.616332023315476,0.032600000500679016,0.04039999842643738,0.17080000042915344,0.21279999613761902,0.15860000252723694,0.09380000084638596,0.6808846592903137,0.3559924013800073,0.14593428373336792,0.3881278336048126
,,,,,,,,,,,
,,,,,,,,,,,
-98.35990914056188,31.161434312001052,0.05420000106096268,0.08460000157356262,0.21979999542236328,0.25440001487731934,0.290800005197525,0.18960000574588776,0.5008849501609802,0.3131685932390201,-0.0667644664645195,0.1459459662437439
,,,,,,,,,,,
,,,,,,,,,,,
-117.10550333192596,33.986635880556946,0.0767500028014183,0.15084999799728394,0.18449999392032623,0.22339999675750732,0.3461500108242035,0.2724500000476837,0.19385437667369843,0.1167994855585986,-0.21552105247974396,-0.09892105311155319
-80.54182548005114,33.932736963509775,0.024049999192357063,0.024550000205636024,0.1627500057220459,0.20270000398159027,0.11479999870061874,0.05324999988079071,0.7839384078979492,0.3807844438579938,0.2768504023551941,0.5839031338691711
,,,,,,,,,,,
-84.11712031084684,32.74471500026171,0.020800000056624413,0.01938333362340927,0.1851000040769577,0.24176666140556335,0.09300000220537186,0.03620000183582306,0.8515540361404419,0.4625020697244542,0.44438910484313965,0.7395371198654175
-69.97763773880558,46.61919456348772,0.031300000846385956,0.03310000151395798,0.1582999974489212,0.19210000336170197,0.08020000159740448,0.04560000076889992,0.7060390710830688,0.3438730070700077,0.41094380617141724,0.6163231134414673
,,,,,,,,,,,
,,,,,,,,,,,
-102.25410589722,31.233299534730616,0.18604999780654907,0.3346666693687439,0.38955000042915344,0.41179999709129333,0.5111250281333923,0.45582500100135803,0.10333124548196793,0.09525337637706698,-0.10761982947587967,-0.050741974264383316
,,,,,,,,,,,
,,,,,,,,,,,
,,,,,,,,,,,
-91.31037994843392,31.152451159159856,0.02710000053048134,0.028300000354647636,0.1736000031232834,0.210999995470047,0.1712000072002411,0.08060000091791153,0.7634767889976501,0.38788161034643603,0.10413392633199692,0.4471879303455353
-84.99971507749427,30.67858984678681,0.026599999517202377,0.03220000118017197,0.14380000531673431,0.19349999725818634,0.1531333327293396,0.07900000363588333,0.7146654725074768,0.33966474687604153,0.11645349860191345,0.4201834499835968
,,,,,,,,,,,
,,,,,,,,,,,
-73.31038744288901,42.116389201838615,0.03150000050663948,0.0478999987244606,0.17710000276565552,0.2468000054359436,0.18070000410079956,0.09359999746084213,0.6749236583709717,0.38310414043983143,0.15461988747119904,0.45005878806114197
-72.9286034471382,42.219695459512366,0.03584999963641167,0.05510000139474869,0.23569999635219574,0.27175000309944153,0.1829500049352646,0.10170000046491623,0.6628422737121582,0.406175592715373,0.195293590426445,0.45534878969192505
-78.1770104946065,34.72100862532466,0.01873333379626274,0.02160000056028366,0.1734333336353302,0.23029999434947968,0.11259999871253967,0.053700000047683716,0.8285033702850342,0.4278743537296079,0.34324875473976135,0.6218309998512268
-120.8020707260778,45.17066116784499,0.05737999826669693,0.094200000166893,0.1514749974012375,0.17520000040531158,0.2287999987602234,0.17000000178813934,0.3006681501865387,0.15457425164625882,-0.1326732635498047,0.015063727274537086
,,,,,,,,,,,
-121.63301236388835,45.45363048234264,0.01590000092983246,0.017899999395012856,0.16680000722408295,0.23160000145435333,0.08219999819993973,0.039500001817941666,0.8565130233764648,0.4379995975861829,0.47609943151474,0.7085946202278137
,,,,,,,,,,,
,,,,,,,,,,,
,,,,,,,,,,,
,,,,,,,,,,,
,,,,,,,,,,,
,,,,,,,,,,,
-121.50051085948074,40.708279993981265,0.018300000578165054,0.026900000870227814,0.18674999475479126,0.21950000524520874,0.08649999648332596,0.04129999876022339,0.7816558480262756,0.38716681426767097,0.4346405565738678,0.683282196521759
,,,,,,,,,,,
,,,,,,,,,,,
,,,,,,,,,,,
,,,,,,,,,,,
-85.82841092709454,33.74858233026527,0.06459999829530716,0.08905000239610672,0.2235500067472458,0.2853499948978424,0.27889999747276306,0.18119999766349792,0.524305522441864,0.3675616770745209,0.01143109891563654,0.2232343703508377
,,,,,,,,,,,
,,,,,,,,,,,
-78.49142084404835,37.31713979643008,0.052000001072883606,0.07360000163316727,0.2619999945163727,0.31310001015663147,0.2540000081062317,0.1469999998807907,0.6193431615829468,0.43874112704894036,0.10421442240476608,0.36100849509239197
,,,,,,,,,,,
,,,,,,,,,,,
,,,,,,,,,,,
,,,,,,,,,,,
,,,,,,,,,,,
,,,,,,,,,,,
,,,,,,,,,,,
,,,,,,,,,,,
,,,,,,,,,,,
,,,,,,,,,,,
,,,,,,,,,,,
,,,,,,,,,,,
,,,,,,,,,,,
,,,,,,,,,,,
,,,,,,,,,,,
,,,,,,,,,,,
,,,,,,,,,,,
,,,,,,,,,,,
,,,,,,,,,,,
,,,,,,,,,,,
-77.57513925424644,34.54583714492135,0.03175000101327896,0.03849999979138374,0.16850000619888306,0.23475000262260437,0.1367499977350235,0.06729999929666519,0.7182067632675171,0.3996538108684406,0.2637954354286194,0.5543784499168396
-110.64661643910662,33.76430284773737,0.0502999983727932,0.10339999943971634,0.19619999825954437,0.19619999825954437,0.2648000121116638,0.19460000097751617,0.30974632501602173,0.16118386487293532,-0.14880697429180145,0.004094158764928579
,,,,,,,,,,,
,,,,,,,,,,,
,,,,,,,,,,,
,,,,,,,,,,,
-121.84411645565643,48.25188259237495,0.02345000021159649,0.02459999918937683,0.29315000772476196,0.4129999876022339,0.1425500065088272,0.06274999678134918,0.8875685334205627,0.7012222529737785,0.48681482672691345,0.7362059950828552
-92.0672105753046,47.513018271186645,0.030700000002980232,0.041099999099969864,0.16200000047683716,0.20479999482631683,0.13230000436306,0.07689999788999557,0.6657177805900574,0.3351349079695608,0.21506968140602112,0.4540291130542755
,,,,,,,,,,,
,,,,,,,,,,,
,,,,,,,,,,,
-82.94931044149146,34.408844064093124,0.05339999869465828,0.08399999886751175,0.26225000619888306,0.30515000224113464,0.32339999079704285,0.19535000622272491,0.5682898759841919,0.39248571779994806,-0.029035063460469246,0.21938060224056244
-116.1151107311842,46.14533325111467,0.05660000070929527,0.10119999945163727,0.28999999165534973,0.3499999940395355,0.2628999948501587,0.1648000031709671,0.5514184236526489,0.4058197901629048,0.14211127161979675,0.3597513437271118
-82.8954115244443,29.21658172188229,0.03044999949634075,0.03294999897480011,0.16840000450611115,0.21924999356269836,0.1602499932050705,0.08169999718666077,0.7386994361877441,0.39185578522382614,0.15546773374080658,0.45705267786979675
-83.86783781950368,32.04852065506908,0.033399999141693115,0.04560000076889992,0.20469999313354492,0.2770000100135803,0.17855000495910645,0.09449999779462814,0.7172969579696655,0.4449657824312103,0.2161123901605606,0.49125170707702637
-72.34919008888112,43.42568372844282,0.04064999893307686,0.04470000043511391,0.2659499943256378,0.34825000166893005,0.16944999992847443,0.094200000166893,0.7724901437759399,0.5785982471291878,0.3453737795352936,0.5741891860961914
,,,,,,,,,,,
,,,,,,,,,,,
,,,,,,,,,,,
,,,,,,,,,,,
-123.01866368964272,43.54920208000925,0.01979999989271164,0.019600000232458115,0.22290000319480896,0.27070000767707825,0.10639999806880951,0.04520000144839287,0.8649672865867615,0.5063316773760048,0.4356934726238251,0.7138335108757019
,,,,,,,,,,,
,,,,,,,,,,,
-98.72597261884056,27.529994775947888,0.05209999904036522,0.07540000230073929,0.17219999432563782,0.21320000290870667,0.2393999993801117,0.16130000352859497,0.47747746109962463,0.2702278660694679,-0.05788775160908699,0.13858477771282196
-116.8764329344755,48.02730377134507,0.02019999921321869,0.02747499942779541,0.17045556008815765,0.20145000517368317,0.12004999816417694,0.062150001525878906,0.7599650621414185,0.3580321959407988,0.25318819284439087,0.5284522175788879
,,,,,,,,,,,
,,,,,,,,,,,
,,,,,,,,,,,
,,,,,,,,,,,
-120.12608847477787,46.19474059174125,0.07129999995231628,0.134266659617424,0.16689999401569366,0.19438666105270386,0.2859833240509033,0.22055000066757202,0.18292832374572754,0.10257729135857474,-0.1906794011592865,-0.06305381655693054
,,,,,,,,,,,
,,,,,,,,,,,
,,,,,,,,,,,
-96.53632911379924,47.92624330188163,0.07850000262260437,0.14630000293254852,0.27584999799728394,0.3391999900341034,0.2334499955177307,0.1518000066280365,0.39732232689857483,0.29617685940113464,0.18466776609420776,0.3816700279712677
-72.68830410863623,43.23479173056742,0.03519999980926514,0.04690000042319298,0.22984999418258667,0.21080000698566437,0.1586499959230423,0.0815500020980835,0.6360108852386475,0.33361831359003297,0.14115579426288605,0.44210705161094666
,,,,,,,,,,,
,,,,,,,,,,,
,,,,,,,,,,,
,,,,,,,,,,,
,,,,,,,,,,,
-91.79996177827906,31.91601915066145,0.056699998676776886,0.08275000005960464,0.2587999999523163,0.33320000767707825,0.24369999766349792,0.1370999962091446,0.6021156311035156,0.44581509561561067,0.15513955056667328,0.4169679284095764
,,,,,,,,,,,
,,,,,,,,,,,
,,,,,,,,,,,
,,,,,,,,,,,
-116.8854160873167,33.34658624062179,0.017799999564886093,0.023350000381469727,0.1819666624069214,0.21559999883174896,0.10785000026226044,0.05090000107884407,0.8045616149902344,0.39324578170654506,0.3331272304058075,0.6180112361907959
,,,,,,,,,,,
,,,,,,,,,,,
,,,,,,,,,,,
,,,,,,,,,,,
,,,,,,,,,,,
-118.5517909393584,39.30466236254451,0.2632000148296356,0.2985999882221222,0.3068999946117401,0.3215999901294708,0.3197999894618988,0.30550000071525574,0.03708481416106224,0.050474029535880156,0.0028063622303307056,0.025673719123005867
-121.62852078746776,40.4612432908484,0.01510000042617321,0.023399999365210533,0.16979999840259552,0.20999999344348907,0.05640000104904175,0.029400000348687172,0.7994858622550964,0.37707633699182375,0.5765765309333801,0.7543859481811523
,,,,,,,,,,,
,,,,,,,,,,,
,,,,,,,,,,,
,,,,,,,,,,,
-115.04162396666138,32.883953869300235,0.1932000070810318,0.3783999979496002,0.39160001277923584,0.4275999963283539,0.5037000179290771,0.5012999773025513,0.0610421821475029,0.05469097364385689,-0.08171375840902328,-0.07934113591909409
-107.17911944240528,33.43417198082344,0.11779999732971191,0.2062000036239624,0.23880000412464142,0.26339998841285706,0.32589998841285706,0.3050000071525574,0.12180576473474503,0.0884298802195829,-0.1060580387711525,-0.0731879323720932
,,,,,,,,,,,
,,,,,,,,,,,
,,,,,,,,,,,
-122.66832072883612,45.65350563305923,0.050999999046325684,0.08839999884366989,0.11659999936819077,0.11720000207424164,0.15189999341964722,0.1290999948978424,0.14007782936096191,0.05691250331686585,-0.12894831597805023,-0.048315033316612244
,,,,,,,,,,,
,,,,,,,,,,,
-80.23864407166081,33.88108383467291,0.04879999905824661,0.07540000230073929,0.2125999927520752,0.2680000066757202,0.30660000443458557,0.17550000548362732,0.5608619451522827,0.3555079748564584,-0.06717716157436371,0.20856820046901703
,,,,,,,,,,,
,,,,,,,,,,,
,,,,,,,,,,,
,,,,,,,,,,,
,,,,,,,,,,,
-94.7329611809293,30.53036782490709,0.04230000078678131,0.05790000036358833,0.2611500024795532,0.3043000102043152,0.23800000548362732,0.14030000567436218,0.6802871227264404,0.4616134149711573,0.1222570613026619,0.36887088418006897
,,,,,,,,,,,
,,,,,,,,,,,
-99.0269082390206,31.78351764625382,0.0669500008225441,0.09690000116825104,0.19709999859333038,0.23090000450611115,0.3087500035762787,0.2194499969482422,0.4087858498096466,0.2556910389662364,-0.14426016807556152,0.025424687191843987
,,,,,,,,,,,
,,,,,,,,,,,
,,,,,,,,,,,
,,,,,,,,,,,
,,,,,,,,,,,
,,,,,,,,,,,
-119.81167812533604,47.15593794574913,0.08209999650716782,0.13439999520778656,0.251800000667572,0.2757999897003174,0.22759999334812164,0.1986333280801773,0.3447099030017853,0.24105833088789047,0.0957489013671875,0.16265016794204712
,,,,,,,,,,,
,,,,,,,,,,,
,,,,,,,,,,,
,,,,,,,,,,,
,,,,,,,,,,,
-83.02566724064162,31.215333229048223,0.05087500065565109,0.0694499984383583,0.28494998812675476,0.3632749915122986,0.2844499945640564,0.15029999613761902,0.6790109276771545,0.5252831297261286,0.12169516086578369,0.41469115018844604
,,,,,,,,,,,
,,,,,,,,,,,
-71.27121174793768,42.85974509944752,0.026012500748038292,0.041439998894929886,0.2175624966621399,0.28619998693466187,0.1460999995470047,0.07850000262260437,0.7470394372940063,0.4567282660110573,0.3240804672241211,0.5695091485977173
-75.62130351128647,42.437536915911345,0.05350000038743019,0.06279999762773514,0.33480000495910645,0.3987500071525574,0.23755000531673431,0.12555000185966492,0.7278735041618347,0.6111293239578377,0.25333961844444275,0.5210757255554199
,,,,,,,,,,,
,,,,,,,,,,,
,,,,,,,,,,,
,,,,,,,,,,,
,,,,,,,,,,,
-74.08069279902149,40.70154262935037,0.12520000338554382,0.14000000059604645,0.16910000145435333,0.17139999568462372,0.1882999986410141,0.16030000150203705,0.100834921002388,0.07320028873015313,-0.04698360711336136,0.03346395492553711
-121.24449100350668,37.75731428564864,0.04100000113248825,0.05914999917149544,0.2868500053882599,0.3702000081539154,0.24420000612735748,0.13539999723434448,0.7244672179222107,0.5485503847130904,0.205078125,0.46439874172210693
,,,,,,,,,,,
,,,,,,,,,,,
,,,,,,,,,,,
-78.91362902758452,35.70690964964583,0.10760000348091125,0.13580000400543213,0.1664000004529953,0.25270000100135803,0.21220000088214874,0.16269999742507935,0.3009008765220642,0.2318524337473744,0.08711551129817963,0.21665865182876587
,,,,,,,,,,,
-91.49678036988873,29.87010609107924,0.057999998331069946,0.08384999632835388,0.17835000157356262,0.2248000055551529,0.24639999866485596,0.19185000658035278,0.45666614174842834,0.2725462326132469,-0.045840393751859665,0.0790831595659256
,,,,,,,,,,,
,,,,,,,,,,,
-121.2085583921419,42.65986994873093,0.03548387065529823,0.07432222366333008,0.17339999973773956,0.20839999616146088,0.19795000553131104,0.1253499984741211,0.4742385447025299,0.2414590051759061,0.02571672387421131,0.24883894622325897
,,,,,,,,,,,
,,,,,,,,,,,
-119.54892090473108,48.260865745216144,0.08408666402101517,0.14624445140361786,0.1973571479320526,0.22850625216960907,0.30379998683929443,0.2337000072002411,0.2195107340812683,0.1393962573907183,-0.14144815504550934,-0.011236877180635929
-114.92259719151554,34.85800170615288,0.11219999939203262,0.16660000383853912,0.21455000340938568,0.19089999794960022,0.29260000586509705,0.2681500017642975,0.06797201186418533,0.04503334627685285,-0.21034127473831177,-0.16828233003616333
-83.10202403979179,38.87796260258774,0.04399999976158142,0.04899999871850014,0.2320999950170517,0.26980000734329224,0.2249000072479248,0.12430000305175781,0.6925972700119019,0.44739829868425873,0.09076207876205444,0.3691956400871277
,,,,,,,,,,,
-79.70863805403029,34.85800170615288,0.06809999793767929,0.1080000028014183,0.2391500025987625,0.291049987077713,0.3582499921321869,0.23964999616146088,0.45871442556381226,0.32039834382823384,-0.10349608212709427,0.09685319662094116
-82.63040851562904,32.906411751403226,0.018799999728798866,0.017899999395012856,0.1784999966621399,0.23019999265670776,0.10000000149011612,0.04019999876618385,0.8557033538818359,0.44354837633228134,0.3943064510822296,0.7026627063751221
,,,,,,,,,,,
-122.43026717854444,41.292184928658955,0.04506666585803032,0.07732000201940536,0.2129250019788742,0.2786000072956085,0.14869999885559082,0.09709999710321426,0.5655203461647034,0.3582718680138997,0.30400189757347107,0.48309823870658875
-99.91624037029894,29.241285392195575,0.08585000038146973,0.1200999990105629,0.20739999413490295,0.23714999854564667,0.28345000743865967,0.2184000015258789,0.32764169573783875,0.2227190570800304,-0.08893585950136185,0.04115903377532959
,,,,,,,,,,,
,,,,,,,,,,,
-121.45559509527476,41.559433725684514,0.01912499964237213,0.026499999687075615,0.1412000060081482,0.17640000581741333,0.08940000087022781,0.050050001591444016,0.7387875914573669,0.3143974858637585,0.32731378078460693,0.557959794998169
-118.31598317727703,37.267732455803504,0.10040000081062317,0.15690000355243683,0.2934499979019165,0.3303999900817871,0.30703333020210266,0.21044999361038208,0.3560434877872467,0.28558728259480115,0.0366574190557003,0.22178052365779877
,,,,,,,,,,,
-86.47295214345029,37.0813320343487,0.026799999177455902,0.02979999966919422,0.16760000586509705,0.2321999967098236,0.16590000689029694,0.0794999971985817,0.7725191116333008,0.41818181175842134,0.16654103994369507,0.48989415168762207
,,,,,,,,,,,
,,,,,,,,,,,
,,,,,,,,,,,
,,,,,,,,,,,
,,,,,,,,,,,
,,,,,,,,,,,
,,,,,,,,,,,
-109.53944285142931,32.326998393146134,0.08545714616775513,0.17467999458312988,0.25488001108169556,0.2706666588783264,0.3566090762615204,0.3015333414077759,0.21553246676921844,0.14302305520043782,-0.13700899481773376,-0.05394386872649193
-97.18311611836528,48.97502639609117,0.0799499973654747,0.11509999632835388,0.18764999508857727,0.210099995136261,0.2542499899864197,0.2350499927997589,0.29212793707847595,0.1825413587396124,-0.09507913142442703,-0.056048519909381866
,,,,,,,,,,,
,,,,,,,,,,,
,,,,,,,,,,,
,,,,,,,,,,,
,,,,,,,,,,,
,,,,,,,,,,,
,,,,,,,,,,,
-88.62666303712685,30.795370833722348,0.020999999716877937,0.023800000548362732,0.15839999914169312,0.20679999887943268,0.11649999767541885,0.05260000005364418,0.7935819625854492,0.38377652393265066,0.27930715680122375,0.5944487452507019
-85.38374486145537,33.15569424274639,0.058800000697374344,0.09125000238418579,0.26019999384880066,0.34415000677108765,0.2867000102996826,0.17624999582767487,0.5808451771736145,0.4358391094068135,0.0910675972700119,0.3226364552974701
-119.79820339607424,36.00110790519498,0.08160000294446945,0.10813333094120026,0.2195499986410141,0.25870001316070557,0.22939999401569366,0.16449999809265137,0.4104498326778412,0.2905570917110443,0.060028720647096634,0.22258982062339783
,,,,,,,,,,,
,,,,,,,,,,,
-115.07755657802616,33.29717889999522,0.15700000524520874,0.24699999392032623,0.2937000095844269,0.3172000050544739,0.388700008392334,0.36980000138282776,0.12442398071289062,0.10821979126428231,-0.10128913819789886,-0.07656476646661758
,,,,,,,,,,,
,,,,,,,,,,,
,,,,,,,,,,,
,,,,,,,,,,,
,,,,,,,,,,,
,,,,,,,,,,,
-77.31462782185177,42.45325743338344,0.05665000155568123,0.09269999712705612,0.24490000307559967,0.27105000615119934,0.20184999704360962,0.12559999525547028,0.49030929803848267,0.31794279689444815,0.14633116126060486,0.3666961193084717
-71.55418106243533,44.344211106455035,0.028699999675154686,0.03799999877810478,0.19859999418258667,0.25850000977516174,0.14000000059604645,0.0714000016450882,0.7436762452125549,0.4336283385459033,0.29736512899398804,0.567141592502594
,,,,,,,,,,,
,,,,,,,,,,,
-116.2925279997978,33.99337324518785,0.08240000158548355,0.12610000371932983,0.1753000020980835,0.19339999556541443,0.24690000712871552,0.20960000157356262,0.21064160764217377,0.12631379794186046,-0.12150809168815613,-0.04019852727651596
,,,,,,,,,,,
-82.08692776873673,30.631428294370536,0.036649998277425766,0.05874999985098839,0.17679999768733978,0.21660000085830688,0.21459999680519104,0.11914999783039093,0.5732703804969788,0.3049122050570391,0.004638228565454483,0.29024574160575867
-123.54642391906296,42.13660129573131,0.049550000578165054,0.09139999747276306,0.25060001015663147,0.32464998960494995,0.3190999925136566,0.2033499926328659,0.5606297254562378,0.38838103264632295,0.008621354587376118,0.2297348529100418
,,,,,,,,,,,
,,,,,,,,,,,
-98.52160589170336,48.83578752705264,0.09205000102519989,0.1395999938249588,0.24295000731945038,0.28299999237060547,0.28804999589920044,0.2285500019788742,0.33932799100875854,0.2506598678465509,-0.008843365125358105,0.1064411923289299
-86.77613355184063,39.055379871201346,0.029349999502301216,0.03525000065565109,0.17110000550746918,0.19134999811649323,0.19085000455379486,0.08635000139474869,0.6888790726661682,0.32995835189406647,0.0013081987854093313,0.37810584902763367
,,,,,,,,,,,
-115.85909087521014,46.31601315509738,0.031050000339746475,0.03959999978542328,0.23229999840259552,0.2833999991416931,0.14329999685287476,0.07175000011920929,0.7547987699508667,0.4731683653462695,0.3283337354660034,0.5959453582763672
-88.38860948683518,32.69306187142484,0.02370000071823597,0.02645000070333481,0.18019999563694,0.21860000491142273,0.1331000030040741,0.0628499984741211,0.7841256856918335,0.4004626810225689,0.24310491979122162,0.5533843040466309
,,,,,,,,,,,
,,,,,,,,,,,
,,,,,,,,,,,
,,,,,,,,,,,
-119.17612006182148,38.79486843880669,0.11739999800920486,0.17910000681877136,0.22550000250339508,0.24709999561309814,0.22374999523162842,0.18529999256134033,0.15954947471618652,0.1179572341910409,0.04959116503596306,0.1429232358932495
,,,,,,,,,,,
-75.73808449822201,42.01757452058547,0.0284000001847744,0.030700000002980232,0.20579999685287476,0.25839999318122864,0.15080000460147858,0.07159999758005142,0.7876167297363281,0.46295542187353383,0.2629520893096924,0.5660606026649475
,,,,,,,,,,,
,,,,,,,,,,,
-113.76152468679106,33.750828118475575,0.08860000222921371,0.133200004696846,0.15539999306201935,0.16060000658035278,0.2585749924182892,0.2574999928474426,0.09326072782278061,0.05288350479010693,-0.2337328940629959,-0.23176270723342896
-78.10739106008725,39.35182391496079,0.0421999990940094,0.0505249984562397,0.22210000455379486,0.3248499929904938,0.20634999871253967,0.10939999669790268,0.7308025360107422,0.5229222198181026,0.22307981550693512,0.49614277482032776
,,,,,,,,,,,
,,,,,,,,,,,
,,,,,,,,,,,
,,,,,,,,,,,
-96.79684054619388,30.541596765958584,0.05739999935030937,0.0835999995470047,0.2320999950170517,0.2822999954223633,0.3001999855041504,0.16930000483989716,0.5430445671081543,0.36703856256665046,-0.030729597434401512,0.2502214014530182
,,,,,,,,,,,
,,,,,,,,,,,
,,,,,,,,,,,
,,,,,,,,,,,
,,,,,,,,,,,
,,,,,,,,,,,
,,,,,,,,,,,
,,,,,,,,,,,
-114.27581018694949,33.526249297445695,0.10239999741315842,0.16923999786376953,0.21334999799728394,0.22699999809265137,0.2722499966621399,0.24273332953453064,0.14577023684978485,0.09793548744893071,-0.09063595533370972,-0.03349417820572853
,,,,,,,,,,,
-119.93968805332308,36.683827521125814,0.053691666573286057,0.0868000015616417,0.3241666555404663,0.3795199990272522,0.2959499955177307,0.19245000183582306,0.6277234554290771,0.48863789295348764,0.12372126430273056,0.32706260681152344
-82.05548673379255,38.24914190370408,0.029100000858306885,0.0430000014603138,0.17675000429153442,0.20855000615119934,0.20035000145435333,0.09780000150203705,0.6581196784973145,0.33155091637992556,0.020053813233971596,0.3615146279335022
,,,,,,,,,,,
-78.72498281791943,34.90965483498976,0.02250000089406967,0.020933333784341812,0.202162504196167,0.2545500099658966,0.1067499965429306,0.04715000092983246,0.8480246663093567,0.48212125439767767,0.40907835960388184,0.6874378323554993
,,,,,,,,,,,
,,,,,,,,,,,
,,,,,,,,,,,
,,,,,,,,,,,
,,,,,,,,,,,
,,,,,,,,,,,
,,,,,,,,,,,
,,,,,,,,,,,
-77.73459021717764,39.66848005261292,0.030899999663233757,0.03460000082850456,0.21250000596046448,0.2802000045776367,0.18673333525657654,0.10140000283718109,0.780177891254425,0.4888340459937481,0.2001713365316391,0.46855345368385315
-89.05785437350421,33.38251885198657,0.029500000178813934,0.03579999879002571,0.2009499967098236,0.24240000545978546,0.21060000360012054,0.10130000114440918,0.742631196975708,0.4178971786780074,0.0701986774802208,0.4105324447154999
,,,,,,,,,,,
,,,,,,,,,,,
,,,,,,,,,,,
,,,,,,,,,,,
,,,,,,,,,,,
,,,,,,,,,,,
,,,,,,,,,,,
,,,,,,,,,,,
,,,,,,,,,,,
,,,,,,,,,,,
,,,,,,,,,,,
,,,,,,,,,,,
,,,,,,,,,,,
-78.17925628281681,38.087445152562566,0.0575999990105629,0.0880500003695488,0.1838500052690506,0.20999999344348907,0.24445000290870667,0.16699999570846558,0.40915951132774353,0.23338818186147972,-0.07580593973398209,0.11405835300683975
,,,,,,,,,,,
,,,,,,,,,,,
-91.82017387217176,33.42743461619255,0.06040000170469284,0.10700000077486038,0.1981000006198883,0.25760000944137573,0.2003999948501587,0.12349999696016312,0.413055419921875,0.26026546476327456,0.12489086389541626,0.3518761694431305
,,,,,,,,,,,
-100.03077556902416,29.915021855285215,0.1975249946117401,0.2655999958515167,0.33752501010894775,0.3873499929904938,0.3681333363056183,0.29307499527931213,0.1864614486694336,0.20298263010128104,0.025436241179704666,0.13855311274528503
,,,,,,,,,,,
,,,,,,,,,,,
,,,,,,,,,,,
-121.70263179840762,42.13660129573131,0.033640000969171524,0.06030000001192093,0.328249990940094,0.38339999318122864,0.19827499985694885,0.11424999684095383,0.7281947135925293,0.5410610158127122,0.31826192140579224,0.5408419370651245
,,,,,,,,,,,
,,,,,,,,,,,
-111.90650362508424,37.06111994045601,0.17059999704360962,0.2994000017642975,0.36250001192092896,0.3815999925136566,0.5311999917030334,0.5001000165939331,0.12070482969284058,0.10824333639074651,-0.16389133036136627,-0.13439948856830597
,,,,,,,,,,,
-79.56266182036087,34.698550743221666,0.02319999970495701,0.025299999862909317,0.20059999823570251,0.25,0.1290999948978424,0.06260000169277191,0.8162004947662354,0.45752565540530926,0.31891322135925293,0.5994881391525269
-93.9761305540586,29.986887078014774,0.043150000274181366,0.04874999821186066,0.21125000715255737,0.27239999175071716,0.18559999763965607,0.11254999786615372,0.6964035630226135,0.4504440944367672,0.18951964378356934,0.41524872183799744
-120.247361038134,36.64340333334043,0.09727499634027481,0.1459999978542328,0.27123332023620605,0.3156000077724457,0.28839999437332153,0.22259999811649323,0.36741769313812256,0.2900062538170983,0.045033134520053864,0.17279823124408722
-99.88030775893417,30.68083563499711,0.08646667003631592,0.12373333424329758,0.21244999766349792,0.2513999938964844,0.3310000002384186,0.26688334345817566,0.34032341837882996,0.23724571120304055,-0.13667583465576172,-0.029874294996261597
-116.77088088859144,38.7634274038625,0.11259999871253967,0.1949000060558319,0.2325499951839447,0.2517000138759613,0.2843500077724457,0.25699999928474426,0.12718316912651062,0.0900672422670788,-0.0609084852039814,-0.010418685153126717
,,,,,,,,,,,
,,,,,,,,,,,
,,,,,,,,,,,
,,,,,,,,,,,
,,,,,,,,,,,
,,,,,,,,,,,
,,,,,,,,,,,
,,,,,,,,,,,
,,,,,,,,,,,
,,,,,,,,,,,
,,,,,,,,,,,
,,,,,,,,,,,
,,,,,,,,,,,
-121.70936916303852,42.21744967130206,0.07231999933719635,0.09510666877031326,0.13885556161403656,0.12653076648712158,0.139766663312912,0.11180000007152557,0.1417815387248993,0.06803102864661353,-0.049703434109687805,0.06180807575583458
,,,,,,,,,,,
,,,,,,,,,,,
,,,,,,,,,,,
,,,,,,,,,,,
,,,,,,,,,,,
,,,,,,,,,,,
,,,,,,,,,,,
-99.91399458208863,30.063243877164936,0.04259999841451645,0.05627499893307686,0.1667499989271164,0.2021999955177307,0.20835000276565552,0.14227500557899475,0.5645613670349121,0.2989408703736682,-0.014979923143982887,0.173960343003273
-120.66283185703928,35.7765290841651,0.07620000094175339,0.16580000519752502,0.24410000443458557,0.2879999876022339,0.40549999475479126,0.2572000026702881,0.2692815959453583,0.1785192274404085,-0.1694304347038269,0.05649300292134285
,,,,,,,,,,,
,,,,,,,,,,,
,,,,,,,,,,,
,,,,,,,,,,,
-94.27706617423864,30.712276669941293,0.06759999692440033,0.10119999945163727,0.18330000340938568,0.22859999537467957,0.2680000066757202,0.18539999425411224,0.38629472255706787,0.23968993541235967,-0.07933953404426575,0.1043478325009346
,,,,,,,,,,,
,,,,,,,,,,,
-121.13893895762264,39.94695779068997,0.03920000046491623,0.06859999895095825,0.19670000672340393,0.24560000002384186,0.2240000069141388,0.15620000660419464,0.5633354783058167,0.32460387753041375,0.04599657654762268,0.22249872982501984
-90.90389228236984,29.708409339937727,0.0815500020980835,0.1010499969124794,0.1615000069141388,0.18060000240802765,0.21080000698566437,0.15645000338554382,0.28244277834892273,0.16921573174691226,-0.07715892791748047,0.07165108621120453
,,,,,,,,,,,
,,,,,,,,,,,
-95.19783934046114,31.65999929468739,0.02305000089108944,0.026650000363588333,0.21694999933242798,0.31804999709129333,0.13625000417232513,0.05999999865889549,0.8453727960586548,0.5582054640198908,0.400176078081131,0.6825816631317139
,,,,,,,,,,,
,,,,,,,,,,,
,,,,,,,,,,,
-118.11386223835014,45.28295057835993,0.018799999728798866,0.01979999989271164,0.15800000727176666,0.20569999516010284,0.0714000016450882,0.03790000081062317,0.8243902325630188,0.39269116140524957,0.48466256260871887,0.6888341307640076
-119.34679996580418,45.30990003688352,0.06258749961853027,0.13782499730587006,0.1867142915725708,0.2119142860174179,0.2964499890804291,0.19660000503063202,0.21184147894382477,0.11801731495730648,-0.16628962755203247,0.03748774901032448
,,,,,,,,,,,
,,,,,,,,,,,
-120.85821543133528,37.89655315468717,0.03997499868273735,0.06440000236034393,0.2567533254623413,0.3271375000476837,0.23463332653045654,0.13854999840259552,0.671040415763855,0.4646191678197934,0.1646653264760971,0.4049657881259918
,,,,,,,,,,,
-83.24350869704061,36.96455104741316,0.03863999992609024,0.03685000166296959,0.3116999864578247,0.33445000648498535,0.2287999987602234,0.11694999784231186,0.8015081882476807,0.5877937997649443,0.18757213652133942,0.4818343222141266
-81.07856886231257,27.718640985612986,0.03370000049471855,0.04365000128746033,0.21580000221729279,0.2635999917984009,0.19619999825954437,0.1031000018119812,0.7158665657043457,0.4320369106944708,0.14658546447753906,0.4376874566078186
,,,,,,,,,,,
,,,,,,,,,,,
-118.83925183027664,44.23416748415039,0.05115000158548355,0.08614999800920486,0.16455000638961792,0.1700499951839447,0.20149999856948853,0.14114999771118164,0.3274785280227661,0.1609345309481044,-0.08464541286230087,0.09286631643772125
-84.83352674993216,33.57565663807227,0.03034999966621399,0.032749999314546585,0.16210000216960907,0.2370000034570694,0.1679999977350235,0.08489999920129776,0.7571825981140137,0.4234477118887812,0.17037038505077362,0.4725069999694824
,,,,,,,,,,,
,,,,,,,,,,,
,,,,,,,,,,,
,,,,,,,,,,,
,,,,,,,,,,,
,,,,,,,,,,,
,,,,,,,,,,,
,,,,,,,,,,,
,,,,,,,,,,,
-90.29528367737886,31.98788437339101,0.07204999774694443,0.12250000238418579,0.2184000015258789,0.22120000422000885,0.30160000920295715,0.2154500037431717,0.28716903924942017,0.17428001230097628,-0.153787299990654,0.01316844206303358
-123.03213841890452,48.55506400076529,0.06830000132322311,0.0989999994635582,0.2549000084400177,0.32440000772476196,0.260699987411499,0.1589999943971634,0.5323570966720581,0.40073962438163896,0.10887031257152557,0.3421597182750702
,,,,,,,,,,,
,,,,,,,,,,,
,,,,,,,,,,,
,,,,,,,,,,,
,,,,,,,,,,,
,,,,,,,,,,,
-105.28367419291308,31.78351764625382,0.16140000522136688,0.28299999237060547,0.3262999951839447,0.34439998865127563,0.4784500002861023,0.43849998712539673,0.09786419570446014,0.0837927827772762,-0.16290941834449768,-0.12019415199756622
,,,,,,,,,,,
-80.49017235121428,33.499299838922106,0.039000000804662704,0.062300000339746475,0.22574999928474426,0.3052000105381012,0.2076999992132187,0.11240000277757645,0.6609523892402649,0.4379733304225288,0.19009555876255035,0.46168583631515503
,,,,,,,,,,,
-76.96203907283486,38.199734563077506,0.05339999869465828,0.06040000170469284,0.15080000460147858,0.14720000326633453,0.14980000257492065,0.09430000185966492,0.41811174154281616,0.19565413339499135,-0.008754205889999866,0.21904762089252472
,,,,,,,,,,,
-104.78510921022674,30.763929798778165,0.16940000653266907,0.3100000023841858,0.3562999963760376,0.3880000114440918,0.46433332562446594,0.42260000109672546,0.1117478609085083,0.09860936785942846,-0.08955805003643036,-0.042684417217969894
,,,,,,,,,,,
-85.7138757283693,32.861495987197245,0.020500000566244125,0.0215000007301569,0.1459999978542328,0.18979999423027039,0.10360000282526016,0.05180000141263008,0.7964978814125061,0.3611432863701556,0.2937968373298645,0.5711920261383057
-78.5767607960397,37.894307366476866,0.034699998795986176,0.040550000965595245,0.23295000195503235,0.33719998598098755,0.1855500042438507,0.08844999969005585,0.7853077054023743,0.5617307040988275,0.2901003956794739,0.5844002962112427
-100.5675189512856,47.34907573183483,0.04205000028014183,0.09594999998807907,0.17499999701976776,0.2249000072479248,0.16054999828338623,0.10480000078678131,0.4019012153148651,0.21705466649698804,0.16694773733615875,0.36427056789398193
,,,,,,,,,,,
,,,,,,,,,,,
-80.66309804340729,33.52400350923539,0.025100000202655792,0.030899999663233757,0.25174999237060547,0.2976999878883362,0.22789999842643738,0.13054999709129333,0.8119294047355652,0.5151175646796685,0.13280059397220612,0.3903093934059143
-68.74245422314124,45.09205858048453,0.03920000046491623,0.06530000269412994,0.19470000267028809,0.2517000138759613,0.1673000007867813,0.09189999848604202,0.5880126357078552,0.3453130928382213,0.201432004570961,0.46507570147514343
,,,,,,,,,,,
,,,,,,,,,,,
,,,,,,,,,,,
-83.05037091095491,34.73448335458645,0.12809999287128448,0.15760000050067902,0.24089999496936798,0.29635000228881836,0.27149999141693115,0.17880000174045563,0.30565041303634644,0.2707422639416206,0.04376157745718956,0.2473955601453781
,,,,,,,,,,,
,,,,,,,,,,,
,,,,,,,,,,,
,,,,,,,,,,,
,,,,,,,,,,,
,,,,,,,,,,,
,,,,,,,,,,,
-112.82727679130676,32.16979321842521,0.11990000307559967,0.21209999918937683,0.24140000343322754,0.2563000023365021,0.36134999990463257,0.3352000117301941,0.09436380118131638,0.06780597650001852,-0.17008014023303986,-0.1333896964788437
,,,,,,,,,,,
,,,,,,,,,,,
,,,,,,,,,,,
,,,,,,,,,,,
-88.36166002831159,32.55382300238631,0.022849999368190765,0.024700000882148743,0.18490000069141388,0.23800000548362732,0.13189999759197235,0.0588500015437603,0.8119527697563171,0.4389521163075466,0.2868342995643616,0.6035034656524658
-81.67145694983145,29.53099207132412,0.08529999852180481,0.10535000264644623,0.2565000057220459,0.31859999895095825,0.3154999911785126,0.2257000058889389,0.5030074119567871,0.4066707198763959,0.0048888311721384525,0.17067791521549225
-115.58510471355368,34.323504112101766,0.24779999256134033,0.4275999963283539,0.47380000352859497,0.49160000681877136,0.5697000026702881,0.5539000034332275,0.06962577253580093,0.07277028392828028,-0.07358898967504501,-0.059588707983493805
-79.93770845148077,36.59399599271386,0.04259999841451645,0.057500001043081284,0.17229999601840973,0.15379999577999115,0.19329999387264252,0.1103999987244606,0.45575010776519775,0.20414651403255682,-0.1138000562787056,0.16426949203014374
,,,,,,,,,,,
-98.1016434963775,28.93361240738464,0.06930000334978104,0.10029999911785126,0.22255000472068787,0.25450000166893005,0.32945001125335693,0.24375000596046448,0.434611052274704,0.2884291756157741,-0.12835004925727844,0.021575504913926125
,,,,,,,,,,,
-105.54418562530772,32.51115302639063,0.15919999778270721,0.2460000067949295,0.301800012588501,0.30399999022483826,0.44690001010894775,0.3853999972343445,0.10545451939105988,0.09142493960954627,-0.19030499458312988,-0.11807370185852051
,,,,,,,,,,,
-122.49988661306372,40.41408173843213,0.03929999843239784,0.07765000313520432,0.19300000369548798,0.22529999911785126,0.29190000891685486,0.17720000445842743,0.48737412691116333,0.2643309693219689,-0.12877032160758972,0.11950308829545975
-100.86396299504504,30.296805851036012,0.08720000088214874,0.1298000067472458,0.20024999976158142,0.23880000412464142,0.3384999930858612,0.2538999915122986,0.29571348428726196,0.1998386519882802,-0.17270047962665558,-0.03064742684364319
,,,,,,,,,,,
,,,,,,,,,,,
,,,,,,,,,,,
,,,,,,,,,,,
-116.496894726935,47.89929384335804,0.023099999874830246,0.03500000014901161,0.23229999840259552,0.2800999879837036,0.13330000638961792,0.06710000336170197,0.7778483033180237,0.46531493664824625,0.3551039695739746,0.6134792566299438
,,,,,,,,,,,
,,,,,,,,,,,
,,,,,,,,,,,
-120.9862253593223,46.54732934075816,0.04230000078678131,0.0738999992609024,0.17425000667572021,0.20559999346733093,0.15315000712871552,0.09754999727010727,0.47119855880737305,0.24723107917131104,0.14620205760002136,0.3564242124557495
,,,,,,,,,,,
,,,,,,,,,,,
-118.06445489772356,46.15656219216616,0.0869000032544136,0.20579999685287476,0.2824000120162964,0.365200012922287,0.24809999763965607,0.1579499989748001,0.27915939688682556,0.20454256198393173,0.19093431532382965,0.3961579203605652
-76.04575748303294,39.86161783869862,0.05620000138878822,0.09380000084638596,0.3149000108242035,0.39739999175071716,0.2605000138282776,0.14890000224113464,0.6180781722068787,0.49327353217838155,0.208086296916008,0.4548782706260681
,,,,,,,,,,,
,,,,,,,,,,,
,,,,,,,,,,,
,,,,,,,,,,,
,,,,,,,,,,,
,,,,,,,,,,,
,,,,,,,,,,,
-99.2357665425784,30.009344960117765,0.057100001722574234,0.0908999964594841,0.23029999434947968,0.27559998631477356,0.29739999771118164,0.19709999859333038,0.5039563179016113,0.3315383166408515,-0.03804539516568184,0.16606725752353668
-74.45573943014139,40.59149900704573,0.03798000141978264,0.056175000965595245,0.17925000190734863,0.27649998664855957,0.17820000648498535,0.10679999738931656,0.6622830033302307,0.41454991476992964,0.21618644893169403,0.44273415207862854
,,,,,,,,,,,
-114.01754454276512,34.46723455756089,0.09322500228881836,0.15528333187103271,0.17706666886806488,0.18913333117961884,0.23770000040531158,0.2075749933719635,0.09828212112188339,0.05952607742348189,-0.11378368735313416,-0.04648670181632042
,,,,,,,,,,,
,,,,,,,,,,,
-71.72935254283864,41.35282121033703,0.02290000021457672,0.024071428924798965,0.1775449961423874,0.18066667020320892,0.16750000417232513,0.08526666462421417,0.7648563981056213,0.3394370470274112,0.03781713545322418,0.3587365448474884
-121.7744970211372,36.87921109542181,0.06120000034570694,0.08060000091791153,0.21985000371932983,0.23080000281333923,0.23302499949932098,0.17155000567436218,0.4823378324508667,0.2991078564802275,-0.0047970605082809925,0.14725983142852783
-77.52348612540956,34.62443973228181,0.01730000041425228,0.018799999728798866,0.21529999375343323,0.3050000071525574,0.10520000010728836,0.039000000804662704,0.8838789463043213,0.5554908716400486,0.4870794713497162,0.7732558250427246
-96.86645998071316,28.22169754471992,0.05350000038743019,0.08269999921321869,0.19893333315849304,0.24549999833106995,0.2660500109195709,0.1550000011920929,0.4960390031337738,0.30362937865415923,-0.04017205163836479,0.22596752643585205
,,,,,,,,,,,
,,,,,,,,,,,
,,,,,,,,,,,
,,,,,,,,,,,
,,,,,,,,,,,
,,,,,,,,,,,
,,,,,,,,,,,
,,,,,,,,,,,
-110.31648557219268,32.97603118592249,0.06400000303983688,0.09099999815225601,0.1770000010728836,0.19900000095367432,0.20550000667572021,0.16290000081062317,0.3724138140678406,0.21343874627068615,-0.016069235280156136,0.099751316010952
-70.84900356440151,43.0843239204774,0.040449999272823334,0.05810000002384186,0.17935000360012054,0.22669999301433563,0.19805000722408295,0.12035000324249268,0.5919943451881409,0.3313874504679611,0.06745140999555588,0.30643996596336365
,,,,,,,,,,,
-107.8326438116022,33.38476464019687,0.08959999680519104,0.13805000483989716,0.22134999930858612,0.2454666644334793,0.24141250550746918,0.17919999361038208,0.28008341789245605,0.19157370883762104,0.008326827548444271,0.15604396164417267
-118.22166007244448,42.39711272812597,0.11500000208616257,0.17960000038146973,0.2273000031709671,0.23100000619888306,0.29820001125335693,0.28189998865127563,0.12518267333507538,0.08885970208120952,-0.1269841343164444,-0.09923958778381348
,,,,,,,,,,,
-93.46409084211048,30.409095261550952,0.02280000038444996,0.025699999183416367,0.17339999973773956,0.22669999301433563,0.14740000665187836,0.06759999692440033,0.7963550090789795,0.41532357278371873,0.2119753658771515,0.540604829788208
,,,,,,,,,,,
,,,,,,,,,,,
-77.97488955567962,36.28632300790292,0.025299999862909317,0.029866667464375496,0.203533336520195,0.27035000920295715,0.15683333575725555,0.07349999994039536,0.8010326027870178,0.4772252319255252,0.26573291420936584,0.572488009929657
,,,,,,,,,,,
,,,,,,,,,,,
,,,,,,,,,,,
-82.39460075354766,39.08906669435583,0.047200001776218414,0.07249999791383743,0.17059999704360962,0.21400000154972076,0.2605000138282776,0.1526000052690506,0.49389180541038513,0.27316603530857825,-0.09799791872501373,0.16748498380184174
,,,,,,,,,,,
,,,,,,,,,,,
-116.08142390802972,33.09056638464772,0.23929999768733978,0.37540000677108765,0.40584999322891235,0.4214000105857849,0.5236999988555908,0.5116999745368958,0.05773092806339264,0.061201141715739565,-0.10824249684810638,-0.0967741534113884
,,,,,,,,,,,
,,,,,,,,,,,
,,,,,,,,,,,
,,,,,,,,,,,
-87.5644052136555,33.48582510966031,0.03889999911189079,0.06620000302791595,0.17319999635219574,0.22419999539852142,0.2370000034570694,0.14900000393390656,0.5440770983695984,0.29707063882804835,-0.02775370329618454,0.2015005201101303
-111.53594857038496,31.884578115717268,0.07840000092983246,0.15760000050067902,0.2295999974012375,0.2460000067949295,0.33379998803138733,0.25279998779296875,0.2190287560224533,0.13781492600789674,-0.15143150091171265,-0.013632680289447308
,,,,,,,,,,,
,,,,,,,,,,,
-88.42005052177936,34.2718509832649,0.020800000056624413,0.025800000876188278,0.18799999356269836,0.23100000619888306,0.1550000011920929,0.06780000030994415,0.7990654110908508,0.41714100561482925,0.1968912035226822,0.5461847186088562
-121.0333869117386,40.997986673109814,0.042100001126527786,0.07159999758005142,0.15889999270439148,0.1826000064611435,0.18019999563694,0.1290999948978424,0.43666407465934753,0.21404606867684603,0.006615244783461094,0.17163942754268646
,,,,,,,,,,,
,,,,,,,,,,,
,,,,,,,,,,,
-110.40631710060464,31.680211388580076,0.09205000102519989,0.22310000658035278,0.28380000591278076,0.3019999861717224,0.41214999556541443,0.36959999799728394,0.15025705099105835,0.10114214880919974,-0.15423932671546936,-0.10065516829490662
-99.73657731347502,30.896431303185793,0.05889999866485596,0.08617500215768814,0.18479999899864197,0.2264000028371811,0.24619999527931213,0.16546666622161865,0.4486123323440552,0.26931128121021647,-0.041895877569913864,0.1554950773715973
-95.23826352824652,47.501789330135146,0.06362500041723251,0.10480000078678131,0.2660374939441681,0.3059333264827728,0.19496667385101318,0.14294999837875366,0.48969322443008423,0.34498628074312254,0.22153455018997192,0.36308616399765015
-74.77464135600383,41.581891607787504,0.035100001841783524,0.041450001299381256,0.2001499980688095,0.31150001287460327,0.18870000541210175,0.08905000239610672,0.7651225328445435,0.5205482288202229,0.2455018013715744,0.5553613901138306
-117.37499791716183,33.37353569914537,0.04859999939799309,0.08780000358819962,0.13609999418258667,0.15940000116825104,0.24650000035762787,0.21053999662399292,0.2896440029144287,0.13543163370257633,-0.21458487212657928,-0.13823862373828888
-90.16502796118152,29.897055549602825,0.04259999841451645,0.0507499985396862,0.22014999389648438,0.283050000667572,0.20280000567436218,0.11784999817609787,0.6959257125854492,0.45798667527370646,0.1651744246482849,0.4120728373527527
,,,,,,,,,,,
,,,,,,,,,,,
,,,,,,,,,,,
-77.89853275652946,35.998862116984675,0.02384999953210354,0.02592499926686287,0.18478333950042725,0.2321999967098236,0.14742916822433472,0.07479999959468842,0.7991283535957336,0.4265846306610939,0.223299041390419,0.5127035975456238
-105.65422924761238,31.61732931869171,0.16339999437332153,0.28459998965263367,0.3314000070095062,0.3472000062465668,0.4756999909877777,0.41690000891685486,0.09908201545476913,0.08555187375036905,-0.1561550498008728,-0.09121842682361603
,,,,,,,,,,,
,,,,,,,,,,,
-77.14843949428966,36.079710492555435,0.02290000021457672,0.028999999165534973,0.17675000429153442,0.2397249937057495,0.1518000066280365,0.06852500140666962,0.7841659784317017,0.4241731853111113,0.22457055747509003,0.5553933382034302
,,,,,,,,,,,
,,,,,,,,,,,
,,,,,,,,,,,
,,,,,,,,,,,
,,,,,,,,,,,
,,,,,,,,,,,
,,,,,,,,,,,
-114.4464900909322,35.3880077237834,0.09399999678134918,0.1664000004529953,0.2596000134944916,0.22280000150203705,0.290800005197525,0.22869999706745148,0.14491264522075653,0.09299564700254455,-0.13239875435829163,-0.01306754257529974
-68.50889224927016,46.68432242158639,0.07620000094175339,0.0794999971985817,0.23340000212192535,0.3046000003814697,0.11595000326633453,0.07114999741315842,0.5860453248023987,0.46504422682521906,0.44857922196388245,0.6212907433509827
-100.58323946875768,48.66286183485963,0.10980000346899033,0.17499999701976776,0.30410000681877136,0.3540000021457672,0.22255000472068787,0.16015000641345978,0.3383742868900299,0.28313826297809913,0.22799409925937653,0.37703004479408264
-114.5969579010222,48.96604324324997,0.02710000053048134,0.03099999949336052,0.14380000531673431,0.16359999775886536,0.0949999988079071,0.05810000002384186,0.6813977360725403,0.2891786961586216,0.2652745544910431,0.475868284702301
,,,,,,,,,,,
-75.63926981696886,41.97490454458979,0.03229999914765358,0.043800000101327896,0.2691499888896942,0.294050008058548,0.18379999697208405,0.08505000174045563,0.740713357925415,0.47590522799812823,0.23072095215320587,0.5513057112693787
-121.1748715689874,39.27322132760033,0.02474999986588955,0.0385500006377697,0.25064998865127563,0.29019999504089355,0.1619500070810318,0.0775500014424324,0.7654752731323242,0.47094599874049564,0.28364476561546326,0.5782460570335388
-90.09765431487256,47.82293704420787,0.0357000008225441,0.0575999990105629,0.21889999508857727,0.2531999945640564,0.14239999651908875,0.07639999687671661,0.6293436288833618,0.3673791332618375,0.2800808846950531,0.5364077687263489
-78.33646145753772,40.39386964453944,0.04560000076889992,0.06360000371932983,0.2856999933719635,0.35040000081062317,0.26109999418258667,0.13989999890327454,0.6927536129951477,0.5158273264557891,0.1460343599319458,0.429328978061676
-119.86782283059352,43.776026689249434,0.06279999762773514,0.11259999871253967,0.14990000426769257,0.16920000314712524,0.22339999675750732,0.18129999935626984,0.2008516788482666,0.10299898800800646,-0.1380539834499359,-0.034522101283073425
,,,,,,,,,,,
-82.04650358095135,31.35457209808675,0.03465000167489052,0.05407499894499779,0.19300000369548798,0.24459999799728394,0.22447499632835388,0.12627500295639038,0.637900710105896,0.36382645958917176,0.0429035909473896,0.31904280185699463
,,,,,,,,,,,
,,,,,,,,,,,
-114.88441879194046,33.18713527769057,0.1242000013589859,0.19900000095367432,0.24369999766349792,0.259799987077713,0.31060001254081726,0.2842999994754791,0.13251958787441254,0.09984889118224535,-0.08906035125255585,-0.04502851143479347
,,,,,,,,,,,
,,,,,,,,,,,
-119.93519647690248,38.049266752987485,0.045899998396635056,0.05745000019669533,0.22856000065803528,0.29205000400543213,0.11580000072717667,0.0724250003695488,0.6712446212768555,0.453771761479341,0.4321441650390625,0.6025790572166443
,,,,,,,,,,,
-95.0720752006844,31.704915058893363,0.02202500030398369,0.024824999272823334,0.1517000049352646,0.19629167020320892,0.1378999948501587,0.06714999675750732,0.7754579186439514,0.363260171069317,0.17472511529922485,0.49020975828170776
,,,,,,,,,,,
-122.19221362825276,39.03741356551896,0.04565000161528587,0.09363333135843277,0.18234999477863312,0.22419999539852142,0.23980000615119934,0.14474999904632568,0.41080230474472046,0.22610904255547346,-0.03362071141600609,0.21534082293510437
-96.75192478198792,30.40011210870976,0.04619999974966049,0.07039999961853027,0.21610000729560852,0.2786000072956085,0.26570001244544983,0.14990000426769257,0.5965616106987,0.3842746523050717,0.023700155317783356,0.3003500699996948
,,,,,,,,,,,
,,,,,,,,,,,
,,,,,,,,,,,
,,,,,,,,,,,
,,,,,,,,,,,
,,,,,,,,,,,
,,,,,,,,,,,
-94.11312363488682,48.49442771908722,0.036400001496076584,0.04340000078082085,0.18324999511241913,0.21089999377727509,0.11330000311136246,0.06129999831318855,0.6586708426475525,0.34945338141499843,0.3010486960411072,0.5495958924293518
-105.95291907958212,31.478090449653184,0.14470000565052032,0.31459999084472656,0.3674499988555908,0.38655000925064087,0.5035499930381775,0.4916499853134155,0.10261715203523636,0.08217600312997239,-0.13144588470458984,-0.11967658251523972
,,,,,,,,,,,
-117.30537848264257,45.17515274426559,0.5335999727249146,0.3718999922275543,0.5205000042915344,0.3400000035762787,0.11699999868869781,0.08950000256299973,-0.044809646904468536,0.18520669191813452,0.4879649877548218,0.5832363367080688
-119.706126079452,46.30478421404589,0.08524999767541885,0.16359999775886536,0.29750001430511475,0.3547999858856201,0.3001333475112915,0.23520000278949738,0.36882713437080383,0.2816693762138475,0.08346901088953018,0.20271183550357819
,,,,,,,,,,,
,,,,,,,,,,,
,,,,,,,,,,,
,,,,,,,,,,,
-117.8061892535392,36.55581759313878,0.13300000131130219,0.1746000051498413,0.22310000658035278,0.22859999537467957,0.22169999778270721,0.16949999332427979,0.1339285522699356,0.10557595513141209,0.015323112718760967,0.1484551727771759
-116.50363209156588,48.995238489983855,0.10329999774694443,0.14399999380111694,0.2671999931335449,0.3192000091075897,0.32554998993873596,0.21905000507831573,0.37823837995529175,0.31098018512930065,-0.00984874926507473,0.18606595695018768
-74.86896446083637,39.26199238654884,0.044462498277425766,0.07419999688863754,0.22370000183582306,0.2755500078201294,0.1941000074148178,0.10742499679327011,0.5756969451904297,0.3628500180314355,0.173427015542984,0.438997358083725
-108.54680446247724,32.47297462681556,0.07819999754428864,0.14059999585151672,0.21930000185966492,0.24379999935626984,0.30059999227523804,0.22920000553131104,0.2684703469276428,0.17189686853570357,-0.10433503985404968,0.030866794288158417
,,,,,,,,,,,
-109.1576588556785,32.47971199144645,0.11699999868869781,0.18870000541210175,0.23070000112056732,0.2386000007390976,0.3465999960899353,0.2991499900817871,0.11677976697683334,0.08353980092506243,-0.18455228209495544,-0.11259877681732178
-99.4333959050847,30.82905765687683,0.05950000137090683,0.08709999918937683,0.2058500051498413,0.24959999322891235,0.25459998846054077,0.1660500019788742,0.48262548446655273,0.30638409579075004,-0.009916690178215504,0.20101045072078705
-76.55555140677077,39.30241657433422,0.11999999731779099,0.147599995136261,0.22419999539852142,0.17949999868869781,0.27149999141693115,0.20640000700950623,0.09752370417118073,0.0684490683987637,-0.2039911150932312,-0.06970719993114471
,,,,,,,,,,,
,,,,,,,,,,,
,,,,,,,,,,,
-122.44374190780624,44.85849660661346,0.01600000075995922,0.01940000057220459,0.2011999934911728,0.23960000276565552,0.10029999911785126,0.05249999836087227,0.8501930236816406,0.4453883537712738,0.4098264276981354,0.6405341029167175
-79.56490760857118,37.25201193833141,0.028300000354647636,0.04039999842643738,0.22990000247955322,0.28780001401901245,0.18719999492168427,0.09300000220537186,0.7538086771965027,0.4692894556557108,0.21178950369358063,0.5115546584129333
,,,,,,,,,,,
-112.63863058164164,37.93473155426224,0.05317499861121178,0.07370000332593918,0.17751666903495789,0.21469999849796295,0.16859999299049377,0.1264999955892563,0.48890426754951477,0.28018717286452105,0.12027134746313095,0.258499413728714
,,,,,,,,,,,
,,,,,,,,,,,
,,,,,,,,,,,
,,,,,,,,,,,
,,,,,,,,,,,
,,,,,,,,,,,
-111.00818834096472,31.812712892987705,0.11940000206232071,0.17509999871253967,0.2863999903202057,0.2736000120639801,0.2777000069618225,0.2198999971151352,0.219523087143898,0.17235951235154334,-0.00743695767596364,0.10881461948156357
,,,,,,,,,,,
,,,,,,,,,,,
-120.32147204907386,42.608216819894054,0.07944999635219574,0.1387999951839447,0.17499999701976776,0.19670000672340393,0.2398499995470047,0.1895499974489212,0.17257827520370483,0.10096784607206821,-0.09884318709373474,0.018511351197957993
-100.345185918466,30.11489700600181,0.0640999972820282,0.09700000286102295,0.20649999380111694,0.24940000474452972,0.3041749894618988,0.21013332903385162,0.4399538040161133,0.282086397495868,-0.09894771873950958,0.08544902503490448
,,,,,,,,,,,
-76.72398552254319,40.753195758187246,0.029200000688433647,0.03959999978542328,0.2508000135421753,0.2964000105857849,0.17159999907016754,0.07699999958276749,0.7642857432365417,0.488212946754455,0.2666666805744171,0.5875736474990845
,,,,,,,,,,,
-97.38299126908188,27.651267339304024,0.06069999933242798,0.08810000121593475,0.19110000133514404,0.21559999883174896,0.20819999277591705,0.149399995803833,0.41982218623161316,0.24729430256109566,0.017461081966757774,0.1813698709011078
-124.27405929919976,42.572284208529275,0.014050000347197056,0.016100000590085983,0.2464500069618225,0.34459999203681946,0.09345000237226486,0.03720000013709068,0.9107291102409363,0.614788601004423,0.5733363628387451,0.805133581161499
-78.55430291393671,41.54595899642272,0.03610000014305115,0.033799998462200165,0.1965000033378601,0.24819999933242798,0.18310000002384186,0.09520000219345093,0.7602837085723877,0.45414107787015495,0.15093901753425598,0.4455445408821106
,,,,,,,,,,,
,,,,,,,,,,,
-97.36951653982008,47.83641177346967,0.07243333011865616,0.11180000007152557,0.2630000114440918,0.2946000099182129,0.23770000040531158,0.1388999968767166,0.4498031735420227,0.32134445279612517,0.10689462721347809,0.3591695725917816
-77.10127794187338,35.790003813426885,0.1005999967455864,0.16439999639987946,0.2628999948501587,0.3131999969482422,0.36970001459121704,0.2800999879837036,0.311557799577713,0.2407611167107267,-0.08273541927337646,0.05578966811299324
-119.58260772788556,34.88719695288677,0.0729999989271164,0.17800000309944153,0.2321999967098236,0.28519999980926514,0.36419999599456787,0.22689999639987946,0.23143349587917328,0.14841888898958974,-0.12165074795484543,0.11384496092796326
,,,,,,,,,,,
-86.73121778763465,32.760435517733804,0.02329999953508377,0.028550000861287117,0.1899999976158142,0.23929999768733978,0.14560000598430634,0.06870000064373016,0.7868209481239319,0.4263260018298339,0.24343982338905334,0.5538960695266724
,,,,,,,,,,,
,,,,,,,,,,,
,,,,,,,,,,,
,,,,,,,,,,,
-104.33370577995667,32.48420356786705,0.19979999959468842,0.3093999922275543,0.3638666570186615,0.37459999322891235,0.4929666519165039,0.448199987411499,0.0953216403722763,0.09408369826378503,-0.13643524050712585,-0.0894506499171257
,,,,,,,,,,,
-77.96590640283843,38.34571079674693,0.04969999939203262,0.08760000020265579,0.24130000174045563,0.2784571349620819,0.23704999685287476,0.15549999475479126,0.5213862061500549,0.3333615988617373,0.08032311499118805,0.28333938121795654
,,,,,,,,,,,
,,,,,,,,,,,
,,,,,,,,,,,
-103.1591585459704,48.84027910347323,0.10379999876022339,0.1915999948978424,0.29989999532699585,0.3853999972343445,0.23170000314712524,0.15549999475479126,0.3358752131462097,0.2758326287978259,0.2490682154893875,0.425032377243042
-95.03165101289903,30.871727632872503,0.03737499937415123,0.05104999989271164,0.2177249938249588,0.26102501153945923,0.21406666934490204,0.11647500097751617,0.6728350520133972,0.4078729015905406,0.09884058684110641,0.3829139173030853
,,,,,,,,,,,
-83.53770695258976,38.87571681437744,0.04390000179409981,0.07514999806880951,0.2016499936580658,0.23149999976158142,0.2240000069141388,0.12794999778270721,0.5098646879196167,0.28886303184034706,0.016465406864881516,0.28807902336120605
-76.65436608802392,40.49268432579258,0.031300000846385956,0.02995000034570694,0.2565999925136566,0.3030500113964081,0.1745000034570694,0.08540000021457672,0.820120096206665,0.547075339527299,0.26918646693229675,0.560303807258606
-70.06297769079693,45.38401104782338,0.037950001657009125,0.03554999828338623,0.24214999377727509,0.2946000099182129,0.09300000220537186,0.051600001752376556,0.7846433520317078,0.5294190070657987,0.5201238393783569,0.7019063830375671
-80.31500087081098,34.80185700089542,0.0575999990105629,0.0925000011920929,0.24979999661445618,0.31839999556541443,0.26589998602867126,0.16220000386238098,0.5497688055038452,0.39180656442408424,0.08985112607479095,0.32501038908958435
,,,,,,,,,,,
,,,,,,,,,,,
-117.93869075794684,43.926494499339455,0.05000000074505806,0.08141428232192993,0.09748181700706482,0.10044285655021667,0.13220000267028809,0.11169999837875366,0.10463473945856094,0.039188003091958135,-0.13650600612163544,-0.05306397005915642
-76.6992818522299,35.441906640830574,0.02539999969303608,0.03240000084042549,0.19169999659061432,0.2906000018119812,0.1462000012397766,0.07840000092983246,0.7993807792663574,0.49864812503892336,0.3305860757827759,0.5750677585601807
,,,,,,,,,,,
,,,,,,,,,,,
,,,,,,,,,,,
-96.54306647843012,28.974036595170016,0.05420000106096268,0.07890000194311142,0.24169999361038208,0.3118000030517578,0.26019999384880066,0.14749999344348907,0.5961095690727234,0.4223181257123483,0.09020980447530746,0.357718288898468
-80.2723308948153,34.68507601395988,0.06750000268220901,0.09835000336170197,0.18975000083446503,0.22949999570846558,0.32774999737739563,0.21565000712871552,0.4000304937362671,0.24964783334593912,-0.17631225287914276,0.03111308254301548
-96.32297923382085,30.838040809718024,0.05620000138878822,0.10320000350475311,0.21559999883174896,0.2696000039577484,0.3528999984264374,0.21459999680519104,0.44635191559791565,0.28351393512000916,-0.13381525874137878,0.11358944326639175
-89.4576046749374,32.46174568576406,0.027899999171495438,0.0333000011742115,0.18369999527931213,0.25270000100135803,0.19544999301433563,0.0940999984741211,0.7671328783035278,0.44118237947027883,0.12774743139743805,0.4573241174221039
-80.60470754993952,38.006596776991806,0.0458500012755394,0.06459999829530716,0.23774999380111694,0.2879999876022339,0.2676500082015991,0.15129999816417694,0.6335791349411011,0.41938086824849147,0.03662373870611191,0.3111768662929535
,,,,,,,,,,,
,,,,,,,,,,,
,,,,,,,,,,,
,,,,,,,,,,,
-108.75790855424532,32.65039189542916,0.10660000145435333,0.1687999963760376,0.21140000224113464,0.23160000145435333,0.2847000062465668,0.24789999425411224,0.1568431705236435,0.10865804975126461,-0.10284718871116638,-0.03399372845888138
,,,,,,,,,,,
,,,,,,,,,,,
-111.90201204866364,35.50928028713954,0.07935000211000443,0.12449999898672104,0.17184999585151672,0.19449999928474426,0.257999986410141,0.21199999749660492,0.21943573653697968,0.12997864910234538,-0.1403314620256424,-0.04305042698979378
,,,,,,,,,,,
,,,,,,,,,,,
-77.72785285254675,39.11826194108971,0.03999999910593033,0.056049998849630356,0.2085999995470047,0.2617500126361847,0.21992500126361847,0.12399999797344208,0.647262454032898,0.3961712026025333,0.0868324264883995,0.3570965826511383
,,,,,,,,,,,
,,,,,,,,,,,
,,,,,,,,,,,
-116.49464893872472,48.882949079468915,0.052400000393390656,0.06939999759197235,0.0940999984741211,0.11339999735355377,0.1615000069141388,0.15700000524520874,0.24070023000240326,0.09676284425014851,-0.1749727427959442,-0.16124263405799866
,,,,,,,,,,,
,,,,,,,,,,,
-82.46422018806693,27.226813367557547,0.019600000232458115,0.024299999698996544,0.07450000196695328,0.061500001698732376,0.0575999990105629,0.03420000150799751,0.43356645107269287,0.08771103004967322,0.032745614647865295,0.2852664589881897
-82.54731435184799,28.888696643178665,0.05550000071525574,0.08164999634027481,0.2762500047683716,0.32739999890327454,0.2941666543483734,0.18182499706745148,0.6007823348045349,0.4385104163803888,0.05346706509590149,0.2858755886554718
,,,,,,,,,,,
-116.02303341456197,33.38251885198657,0.17139999568462372,0.25760000944137573,0.281374990940094,0.3176000118255615,0.41315001249313354,0.37101250886917114,0.10431154072284698,0.09507510703756901,-0.13075606524944305,-0.07756538689136505
,,,,,,,,,,,
,,,,,,,,,,,
,,,,,,,,,,,
,,,,,,,,,,,
,,,,,,,,,,,
,,,,,,,,,,,
-122.8861621852351,40.80934046344471,0.011866666376590729,0.019419999793171883,0.14880000054836273,0.18160000443458557,0.10249999910593033,0.048500001430511475,0.8067854046821594,0.3353265265673412,0.27842310070991516,0.5784441232681274
,,,,,,,,,,,
,,,,,,,,,,,
,,,,,,,,,,,
,,,,,,,,,,,
-94.49266184242732,47.76679233895041,0.030050000175833702,0.03759999945759773,0.21199999749660492,0.2605000138282776,0.16936667263507843,0.09210000187158585,0.7477356791496277,0.44200760025847835,0.21200373768806458,0.4775950312614441
,,,,,,,,,,,
,,,,,,,,,,,
,,,,,,,,,,,
,,,,,,,,,,,
,,,,,,,,,,,
-98.79783784157011,30.312526368508102,0.06289999932050705,0.1039000004529953,0.25485000014305115,0.29205000400543213,0.34264999628067017,0.23954999446868896,0.4751862585544586,0.3258121528226934,-0.07972269505262375,0.09875848144292831
,,,,,,,,,,,
,,,,,,,,,,,
,,,,,,,,,,,
,,,,,,,,,,,
,,,,,,,,,,,
-116.16900964823138,32.87946229287964,0.1736000031232834,0.27000001072883606,0.30630001425743103,0.3508000075817108,0.4507000148296356,0.4138999879360199,0.13015462458133698,0.12104505408548544,-0.1246413066983223,-0.08251599222421646
-117.0493586266685,34.46498876935059,0.08932500332593918,0.1550000011920929,0.19460000097751617,0.19769999384880066,0.3015750050544739,0.27399998903274536,0.12106604129076004,0.07322865240057735,-0.20805169641971588,-0.16175535321235657
-76.12436007039341,41.314642810761946,0.02786666713654995,0.04522499814629555,0.19850000739097595,0.2492000013589859,0.15950000286102295,0.0763000026345253,0.6927910447120667,0.38880524051536214,0.2194763869047165,0.5311827659606934
-92.61742868682782,29.730867222040715,0.026900000870227814,0.03245000168681145,0.02305000089108944,0.02215000055730343,0.01640000008046627,0.011049999855458736,-0.18864470720291138,-0.02536696159832532,0.14915694296360016,0.33433735370635986
,,,,,,,,,,,
-69.42741962728238,44.020817604172,0.01810000091791153,0.01759999990463257,0.16009999811649323,0.1907999962568283,0.09120000153779984,0.03889999911189079,0.8310940265655518,0.3730668117509417,0.35319146513938904,0.6612973213195801
,,,,,,,,,,,
,,,,,,,,,,,
-81.82192475992147,29.17166595767631,0.05469999834895134,0.05730000138282776,0.20919999480247498,0.2603999972343445,0.2556999921798706,0.13300000131130219,0.6392823457717896,0.425269049801455,0.009106772020459175,0.32384341955184937
-116.41380056315394,32.91988648066501,0.06549999862909317,0.1242000013589859,0.20270000398159027,0.23440000414848328,0.25519999861717224,0.1800999939441681,0.3073062002658844,0.18510431201888713,-0.042483650147914886,0.13100123405456543
-121.9272106194375,38.73198636891832,0.08860000222921371,0.15039999783039093,0.2533000111579895,0.30820000171661377,0.32739999890327454,0.23170000314712524,0.3440907299518585,0.2551581507438879,-0.030207673087716103,0.1416929066181183
,,,,,,,,,,,
-88.98598915077466,31.033424384014022,0.02410000003874302,0.02410000003874302,0.1624000072479248,0.18979999423027039,0.13040000200271606,0.05779999867081642,0.7746610641479492,0.35907769910411935,0.18550904095172882,0.533117949962616
-78.49815820867924,34.31002938283998,0.03683999925851822,0.04650000110268593,0.23333333432674408,0.3242666721343994,0.17573332786560059,0.09494999796152115,0.7491683959960938,0.5233113127776199,0.29706668853759766,0.5470122694969177
,,,,,,,,,,,
,,,,,,,,,,,
,,,,,,,,,,,
,,,,,,,,,,,
,,,,,,,,,,,
,,,,,,,,,,,
,,,,,,,,,,,
-100.10937815638464,30.03854020685165,0.09740000218153,0.1339000016450882,0.2079000025987625,0.24716666340827942,0.3364500105381012,0.25839999318122864,0.2972358167171478,0.21450936051156602,-0.15298286080360413,-0.022219285368919373
,,,,,,,,,,,
-113.6874136758512,48.337222544366305,0.019999999552965164,0.019999999552965164,0.14390000700950623,0.15539999306201935,0.08500000089406967,0.043699998408555984,0.771949827671051,0.30078193145349624,0.292845219373703,0.5610246062278748
,,,,,,,,,,,
,,,,,,,,,,,
,,,,,,,,,,,
-120.56850875220674,40.200731858453736,0.059566665440797806,0.0877312496304512,0.13856805860996246,0.17467500269412994,0.180649995803833,0.13423334062099457,0.33133262395858765,0.17328965547528066,-0.01681557111442089,0.1309179961681366
,,,,,,,,,,,
,,,,,,,,,,,
,,,,,,,,,,,
-106.66707973045712,32.67060398932185,0.13819999992847443,0.3021666705608368,0.34458571672439575,0.3696666657924652,0.4341000020503998,0.41110000014305115,0.10047134011983871,0.07862855615522439,-0.08016423135995865,-0.05306749790906906
-82.36989708323438,32.12487745421924,0.025800000876188278,0.022099999710917473,0.1242000013589859,0.052299998700618744,0.09059999883174896,0.06080000102519989,0.40591397881507874,0.07615493060898049,-0.26801958680152893,-0.07515475153923035
,,,,,,,,,,,
-81.0111952160036,33.02993010296966,0.045049998909235,0.062199998646974564,0.26965001225471497,0.321399986743927,0.2614000141620636,0.1339000016450882,0.6757038235664368,0.47762072383413323,0.10295122116804123,0.4118163585662842
,,,,,,,,,,,
-93.69540702777124,30.233923781147645,0.026499999687075615,0.0284000001847744,0.21074999868869781,0.2530499994754791,0.16269999742507935,0.07450000196695328,0.7981879711151123,0.4585816909305398,0.2173181027173996,0.5451076030731201
,,,,,,,,,,,
,,,,,,,,,,,
,,,,,,,,,,,
-81.89828155907163,32.07771590180297,0.07760000228881836,0.11079999804496765,0.23804999887943268,0.2833833396434784,0.3087500035762787,0.2643499970436096,0.4378250539302826,0.31581292978928155,-0.04283944517374039,0.034749288111925125
,,,,,,,,,,,
,,,,,,,,,,,
,,,,,,,,,,,
-114.76314622858432,47.80047916210489,0.028999999165534973,0.035999998450279236,0.21070000529289246,0.24899999797344208,0.13500000536441803,0.06970000267028809,0.7473684549331665,0.42685370819279883,0.2968749701976776,0.5625980496406555
-96.63963537147298,48.245145227744054,0.06080000102519989,0.09719999879598618,0.19189999997615814,0.23659999668598175,0.2272000014781952,0.1761000007390976,0.4176153242588043,0.2555360018937302,0.020267346873879433,0.14659558236598969
-84.24737602704418,32.225937923682686,0.020099999383091927,0.01889999955892563,0.18029999732971191,0.24779999256134033,0.0904499962925911,0.0377499982714653,0.8582677245140076,0.4727580528617372,0.46518847346305847,0.7355979681015015
,,,,,,,,,,,
,,,,,,,,,,,
,,,,,,,,,,,
-74.86447288441578,41.13048817751744,0.029999999329447746,0.0421999990940094,0.218299999833107,0.26100000739097595,0.17479999363422394,0.08160000294446945,0.7216358780860901,0.4242941496890103,0.19779717922210693,0.5236427187919617
,,,,,,,,,,,
-122.07767842952752,42.727243595039894,0.014100000262260437,0.018400000408291817,0.1437000036239624,0.18649999797344208,0.06639999896287918,0.03530000150203705,0.8204001784324646,0.3528103047118584,0.4748912751674652,0.6816952228546143
,,,,,,,,,,,
,,,,,,,,,,,
,,,,,,,,,,,
,,,,,,,,,,,
,,,,,,,,,,,
,,,,,,,,,,,
-102.35067479026284,31.59936301300932,0.12853333353996277,0.2011999934911728,0.2599000036716461,0.30309998989105225,0.3705333471298218,0.30924999713897705,0.20206226408481598,0.16474810797021536,-0.1001039519906044,-0.01004328764975071
-95.21805143435384,30.3237553095596,0.06920000165700912,0.08959999680519104,0.24214999377727509,0.27950000762939453,0.2953999936580658,0.1967500001192093,0.5144947171211243,0.3657268591217121,-0.027656959369778633,0.1737532913684845
,,,,,,,,,,,
,,,,,,,,,,,
,,,,,,,,,,,
-119.8723144070141,35.581145509869096,0.08240000158548355,0.1698666661977768,0.21025000512599945,0.24414999783039093,0.3488500118255615,0.233966663479805,0.17942111194133759,0.11286858782999869,-0.17655988037586212,0.021298848092556
,,,,,,,,,,,
-118.97624491110489,47.223311592058096,0.07055000215768814,0.11410000175237656,0.2904999852180481,0.4036000072956085,0.24709999561309814,0.16155000030994415,0.5592041611671448,0.4642175733064169,0.2405102401971817,0.428293377161026
-82.44625388238454,29.501796824590237,0.06949999928474426,0.10610000044107437,0.2402999997138977,0.29499998688697815,0.3553999960422516,0.22869999706745148,0.47095486521720886,0.33484593740787477,-0.0928659439086914,0.12659917771816254
,,,,,,,,,,,
,,,,,,,,,,,
,,,,,,,,,,,
-76.87445333263321,40.11763769467268,0.07944999635219574,0.10010000318288803,0.26317501068115234,0.33399999141693115,0.24379999935626984,0.15697500109672546,0.5388159155845642,0.4367961710152702,0.15610936284065247,0.36055806279182434
-112.10637877580083,35.356566688839216,0.05979999899864197,0.08380000293254852,0.1599999964237213,0.1754000037908554,0.16249999403953552,0.12960000336170197,0.3533950448036194,0.18622427971421374,0.0381770059466362,0.150163933634758
-117.76801085396411,45.30091688404232,0.05939999967813492,0.09399999678134918,0.2401999980211258,0.33605000376701355,0.20190000534057617,0.11500000208616257,0.562841534614563,0.4160221531930202,0.24937261641025543,0.49007871747016907
,,,,,,,,,,,
,,,,,,,,,,,
,,,,,,,,,,,
,,,,,,,,,,,
,,,,,,,,,,,
-117.48054996304587,40.6476437123032,0.09200000017881393,0.1660333275794983,0.21684615314006805,0.25163334608078003,0.3057999908924103,0.2583500146865845,0.20494817197322845,0.13737031096314212,-0.09717152267694473,-0.013170368038117886
-123.14891940584006,41.79748727597619,0.029650000855326653,0.04230000078678131,0.21375000476837158,0.2370000034570694,0.19214999675750732,0.11729999631643295,0.6970998644828796,0.38374362378481514,0.10450892895460129,0.33784928917884827
-72.92411187071761,44.55980677464372,0.038600001484155655,0.051500000059604645,0.326200008392334,0.39239999651908875,0.20630000531673431,0.1026500016450882,0.7679657340049744,0.6036192363148742,0.3108401298522949,0.5852944254875183
-101.56689470486856,48.3506972736281,0.08259999752044678,0.1574999988079071,0.2488500028848648,0.303600013256073,0.3075000047683716,0.23544999957084656,0.31685101985931396,0.22420356674393818,-0.006381920073181391,0.12642614543437958
-114.68229785301357,48.73472705758919,0.02655000053346157,0.025200000032782555,0.18770000338554382,0.20630000531673431,0.0738999992609024,0.039799999445676804,0.782289445400238,0.39084926092045535,0.4725196361541748,0.676554262638092
,,,,,,,,,,,
-115.16738810643812,47.91276857261983,0.024299999698996544,0.026900000870227814,0.164900004863739,0.18359999358654022,0.11259999871253967,0.06390000134706497,0.7444180250167847,0.33691677611852827,0.23970289528369904,0.48363634943962097
-118.58996933893349,37.44065814799651,0.11169999837875366,0.16740000247955322,0.1943874955177307,0.2061624974012375,0.32993748784065247,0.2879999876022339,0.10376441478729248,0.07058956381818322,-0.23088042438030243,-0.1656084656715393
,,,,,,,,,,,
,,,,,,,,,,,
,,,,,,,,,,,
-116.58223467892635,36.28183143148232,0.13210000097751617,0.23989999294281006,0.29455000162124634,0.29010000824928284,0.31345000863075256,0.2593500018119812,0.09471701085567474,0.07217831272821568,-0.03868776187300682,0.05596506595611572
,,,,,,,,,,,
,,,,,,,,,,,
-118.69327559660724,43.82318824166571,0.06647857278585434,0.11883333325386047,0.17640000581741333,0.21276666224002838,0.22130000591278076,0.16529999673366547,0.28327301144599915,0.1645438948804968,-0.01965906284749508,0.1255510449409485
,,,,,,,,,,,
-97.11125089563572,28.659626245728184,0.05490000173449516,0.0851999968290329,0.23229999840259552,0.2809000015258789,0.28049999475479126,0.16660000383853912,0.5345534086227417,0.35443910787522676,0.0007125165429897606,0.255418986082077
,,,,,,,,,,,
,,,,,,,,,,,
-119.54667511652076,43.513269468644474,0.0823500007390976,0.14740000665187836,0.179749995470047,0.19740000367164612,0.26109999418258667,0.21629999577999115,0.14501158893108368,0.0853723013313873,-0.1389312744140625,-0.045685261487960815
,,,,,,,,,,,
,,,,,,,,,,,
-104.80756709232972,32.113648513167746,0.07885000109672546,0.12893334031105042,0.18787500262260437,0.20880000293254852,0.3043000102043152,0.24066667258739471,0.23647846281528473,0.1435392256099109,-0.1861235648393631,-0.07089884579181671
,,,,,,,,,,,
,,,,,,,,,,,
,,,,,,,,,,,
,,,,,,,,,,,
,,,,,,,,,,,
,,,,,,,,,,,
-115.88828612194402,33.15794003095669,0.22114166617393494,0.3790000081062317,0.41158750653266907,0.4305500090122223,0.5123000144958496,0.49992498755455017,0.0636773481965065,0.06298914260272911,-0.08670520782470703,-0.07455866783857346
-90.54681195693232,32.47297462681556,0.02734999917447567,0.02930000051856041,0.1758500039577484,0.23055000603199005,0.18334999680519104,0.07729999721050262,0.7744852900505066,0.4188432702954922,0.11403723061084747,0.4978073835372925
,,,,,,,,,,,
,,,,,,,,,,,
,,,,,,,,,,,
,,,,,,,,,,,
,,,,,,,,,,,
,,,,,,,,,,,
,,,,,,,,,,,
,,,,,,,,,,,
,,,,,,,,,,,
-86.05972711275531,30.422569990812747,0.027550000697374344,0.0377499982714653,0.16539999842643738,0.20284999907016754,0.1497499942779541,0.07739999890327454,0.6862011551856995,0.3375656894045444,0.15059559047222137,0.44763603806495667
,,,,,,,,,,,
,,,,,,,,,,,
-121.98560111290529,38.52761964178113,0.12520000338554382,0.24879999458789825,0.2425999939441681,0.31839999556541443,0.310699999332428,0.23280000686645508,0.1227080449461937,0.0929387929888705,0.012239702045917511,0.15529751777648926
,,,,,,,,,,,
,,,,,,,,,,,
,,,,,,,,,,,
,,,,,,,,,,,
-96.7541705701982,31.702669270683064,0.08879999816417694,0.13699999451637268,0.2003999948501587,0.24379999935626984,0.3935000002384186,0.3237999975681305,0.28046220541000366,0.19074154584369504,-0.23489722609519958,-0.14094433188438416
,,,,,,,,,,,
-79.24600568270874,33.41171409872045,0.041280001401901245,0.0679749995470047,0.12210000306367874,0.1543000042438507,0.1782499998807907,0.12150000035762787,0.3883702754974365,0.17229852164847687,-0.07201923429965973,0.1189267709851265
,,,,,,,,,,,
-95.99733994332752,31.20635007620703,0.22830000519752502,0.2904999852180481,0.25450000166893005,0.3167000114917755,0.33863332867622375,0.33629998564720154,0.04314892366528511,0.04861039098440798,-0.03346894681453705,-0.03001527488231659
,,,,,,,,,,,
-122.93781531407195,44.9707860171284,0.08727499842643738,0.15199999511241913,0.2562749981880188,0.32981666922569275,0.26809999346733093,0.2170666605234146,0.3690546452999115,0.28006963144908203,0.10321953147649765,0.2061683088541031
-117.12571542581868,38.80609737985818,0.19339999556541443,0.3100000023841858,0.3706499934196472,0.3684000074863434,0.3885999917984009,0.3727000057697296,0.08608490973711014,0.08211935892606642,-0.026684259995818138,-0.005802183412015438
-119.27268895486432,37.46985339473039,0.125,0.1776999980211258,0.2025499939918518,0.25394999980926514,0.27869999408721924,0.22384999692440033,0.17664775252342224,0.13786931337185912,-0.04646577313542366,0.06299707293510437
,,,,,,,,,,,
,,,,,,,,,,,
-105.6205424244579,48.9031611733616,0.09740000218153,0.16660000383853912,0.21940000355243683,0.24619999527931213,0.3271999955177307,0.23890000581741333,0.192829430103302,0.1313271156510041,-0.14126265048980713,0.015048421919345856
,,,,,,,,,,,
-77.40895092668433,38.72300321607712,0.03034999966621399,0.030249999836087227,0.17475000023841858,0.2547000050544739,0.1703999936580658,0.0856499969959259,0.787682056427002,0.46428646132309975,0.19830630719661713,0.4966945946216583
,,,,,,,,,,,
-124.27405929919976,47.74208866863712,0.023649999871850014,0.028599999845027924,0.187950000166893,0.26840001344680786,0.10422500222921371,0.0481875017285347,0.8074074387550354,0.47480449666764657,0.44059041142463684,0.6955817937850952
,,,,,,,,,,,
,,,,,,,,,,,
-116.99770549783165,35.329617230315634,0.10208333283662796,0.17619167268276215,0.2181600034236908,0.22936999797821045,0.2662000060081482,0.24427500367164612,0.1311226636171341,0.0874128785579593,-0.07431847602128983,-0.03146872669458389
,,,,,,,,,,,
-80.64288594951459,33.62506397869884,0.05559999868273735,0.07039999961853027,0.19339999556541443,0.25529998540878296,0.2524999976158142,0.16300000250339508,0.5677003264427185,0.36666135245694337,0.005513958167284727,0.22065499424934387
-117.64000092597708,45.09655015690513,0.039799999445676804,0.054019998759031296,0.194433331489563,0.26440000534057617,0.10691666603088379,0.05570000037550926,0.660699725151062,0.4077068693641735,0.4241213798522949,0.6519837379455566
,,,,,,,,,,,
-94.66334174641004,30.66062354110442,0.06199999898672104,0.0908583328127861,0.1937749981880188,0.23266667127609253,0.2985750138759613,0.19567500054836273,0.43832266330718994,0.2700459650659778,-0.12406470626592636,0.08636019378900528
-111.72234899183974,32.50216987354944,0.11062857508659363,0.2328166663646698,0.2792400121688843,0.3073500096797943,0.4304400086402893,0.3587999939918518,0.13798211514949799,0.09940240605330639,-0.16683608293533325,-0.07723483443260193
,,,,,,,,,,,
-78.84176380485496,36.474969217568024,0.024550000205636024,0.03999999910593033,0.21480000019073486,0.26649999618530273,0.17759999632835388,0.07599999755620956,0.7389885783195496,0.4282068227918718,0.20018014311790466,0.5562043786048889
,,,,,,,,,,,
,,,,,,,,,,,
-99.39297171729932,32.486449356077344,0.0385500006377697,0.05467500165104866,0.1793999969959259,0.20890000462532043,0.2254125028848648,0.14276249706745148,0.585127592086792,0.308987642035993,-0.038019854575395584,0.18807096779346466
,,,,,,,,,,,
-74.29628846721018,42.758684629984074,0.02759999968111515,0.04475000128149986,0.2365500032901764,0.2492000013589859,0.2126999944448471,0.10814999788999557,0.6955264210700989,0.38996337509169277,0.07902144640684128,0.39471107721328735
,,,,,,,,,,,
,,,,,,,,,,,
,,,,,,,,,,,
-68.07320933647219,45.1571864385832,0.034449998289346695,0.053199999034404755,0.2971999943256378,0.2759000062942505,0.1529500037431717,0.08335000276565552,0.6766940355300903,0.4165030298658197,0.2866969704627991,0.5359777212142944
-113.82665254488973,37.95943522457553,0.05538000166416168,0.08851666748523712,0.16044999659061432,0.1807333379983902,0.1818999946117401,0.14319999516010284,0.34249457716941833,0.17782077938994298,-0.0032171797938644886,0.1158674955368042
-120.8200370317602,46.6641103276937,0.021700000390410423,0.03709999844431877,0.2102999985218048,0.2533000111579895,0.16680000722408295,0.08540000021457672,0.744490385055542,0.41160570554670983,0.20590335130691528,0.49571892619132996
-75.51350567719213,41.32587175181344,0.0523499995470047,0.058400001376867294,0.268449991941452,0.3125,0.20270000398159027,0.10790000110864639,0.6850903034210205,0.5000885562004015,0.21312110126018524,0.486679345369339
-76.4859319722515,40.19399449382284,0.05975833162665367,0.12380000203847885,0.23216666281223297,0.28519999980926514,0.21410000324249268,0.15520000457763672,0.39462101459503174,0.25541004902956516,0.1423993557691574,0.29518619179725647
-110.4894112643857,31.76555134057143,0.06800000369548798,0.15839999914169312,0.2198999971151352,0.23260000348091125,0.34470000863075256,0.2906999886035919,0.18976983428001404,0.11087866951956069,-0.19417980313301086,-0.11102615296840668
-98.48791906854888,47.946455395774315,0.07079999893903732,0.10999999940395355,0.19269999861717224,0.21119999885559082,0.2630999982357025,0.2134999930858612,0.31506848335266113,0.18877779288024754,-0.1094244122505188,-0.0054155741818249226
,,,,,,,,,,,
,,,,,,,,,,,
-123.72159539946624,45.51202097581041,0.0182499997317791,0.021449999883770943,0.22245000302791595,0.2632499933242798,0.1242000013589859,0.052149999886751175,0.8493150472640991,0.4816445122272208,0.3588849902153015,0.6693087816238403
,,,,,,,,,,,
,,,,,,,,,,,
,,,,,,,,,,,
,,,,,,,,,,,
,,,,,,,,,,,
,,,,,,,,,,,
,,,,,,,,,,,
,,,,,,,,,,,
-76.62517084129004,36.07746470434513,0.06650000065565109,0.10970000177621841,0.2175000011920929,0.270550012588501,0.31450000405311584,0.22419999539852142,0.4230111837387085,0.28120630900464105,-0.07512176781892776,0.09368371218442917
,,,,,,,,,,,
,,,,,,,,,,,
,,,,,,,,,,,
,,,,,,,,,,,
-75.21481584522239,41.245023376242685,0.03660000115633011,0.08250000327825546,0.2176000028848648,0.31029999256134033,0.20250000059604645,0.09790000319480896,0.5799388885498047,0.37202767956878097,0.2102183997631073,0.5203331708908081
,,,,,,,,,,,
,,,,,,,,,,,
,,,,,,,,,,,
,,,,,,,,,,,
-79.80969852349374,38.82855526196117,0.03201666846871376,0.04078749939799309,0.22886666655540466,0.26473334431648254,0.18330000340938568,0.08731666952371597,0.732996940612793,0.4410698122423305,0.18175731599330902,0.5039530396461487
-82.01506254600717,38.22219244518049,0.034299999475479126,0.042399998754262924,0.19339999556541443,0.26249998807907104,0.22910000383853912,0.09719999879598618,0.7218760251998901,0.43682767440638853,0.06794138252735138,0.45954960584640503
-109.83588689518876,32.551577214176014,0.0876149982213974,0.16610769927501678,0.22940999269485474,0.2542150020599365,0.3626500070095062,0.3030500113964081,0.2096182405948639,0.13820764555614454,-0.17578400671482086,-0.08763336390256882
,,,,,,,,,,,
-82.04874936916165,31.26923214609539,0.02565000019967556,0.030570000410079956,0.18614999949932098,0.2304999977350235,0.13382500410079956,0.0625,0.765809953212738,0.4091744420755109,0.2653537094593048,0.57337886095047
-77.60433450098031,36.95556789457196,0.017766667529940605,0.020150000229477882,0.14758749306201935,0.19606666266918182,0.11393333226442337,0.052662499248981476,0.8136128783226013,0.37153456723464007,0.26494622230529785,0.5765474438667297
,,,,,,,,,,,
,,,,,,,,,,,
,,,,,,,,,,,
,,,,,,,,,,,
,,,,,,,,,,,
-121.15016789867413,37.72587325070446,0.06599999964237213,0.10085000097751617,0.2289000004529953,0.29420000314712524,0.1770000010728836,0.13404999673366547,0.4894317090511322,0.3442106397483978,0.24872665107250214,0.3739638328552246
,,,,,,,,,,,
,,,,,,,,,,,
,,,,,,,,,,,
-115.89951506299552,38.88469996721864,0.09679999947547913,0.16380000114440918,0.19480000436306,0.20520000159740448,0.2648000121116638,0.23880000412464142,0.11219511926174164,0.07079343382681794,-0.1268085241317749,-0.07567568123340607
,,,,,,,,,,,
,,,,,,,,,,,
-85.5274753069145,32.03055434938669,0.030899999663233757,0.04969999939203262,0.1720999926328659,0.17669999599456787,0.2296999990940094,0.14270000159740448,0.5609540343284607,0.25539958397288887,-0.13041339814662933,0.10644957423210144
,,,,,,,,,,,
,,,,,,,,,,,
,,,,,,,,,,,
,,,,,,,,,,,
,,,,,,,,,,,
,,,,,,,,,,,
-92.36814619548466,32.05076644327938,0.023800000548362732,0.02280000038444996,0.16189999878406525,0.20469999313354492,0.12399999797344208,0.05620000138878822,0.7995604276657104,0.3910146046980242,0.24551261961460114,0.5691835880279541
-109.58435861563528,31.904790209609956,0.1071000024676323,0.21402500569820404,0.2821750044822693,0.3094666600227356,0.40332499146461487,0.3623666763305664,0.18231743574142456,0.13327109974129203,-0.13167709112167358,-0.07873979210853577
-101.38498585983434,30.761684010567865,0.1363999992609024,0.1923999935388565,0.21639999747276306,0.29159998893737793,0.3237000107765198,0.25110000371932983,0.20495867729187012,0.1742796881338704,-0.05216971039772034,0.07462684065103531
,,,,,,,,,,,
-121.5566555647382,36.358188230632486,0.023800000548362732,0.03355000168085098,0.241349995136261,0.27869999408721924,0.15129999816417694,0.0731000006198883,0.7851080894470215,0.4708989481274321,0.29627907276153564,0.5844229459762573
,,,,,,,,,,,
-114.68903521764446,37.01171259982944,0.14480000734329224,0.24709999561309814,0.2976999878883362,0.313400000333786,0.3743000030517578,0.3240666687488556,0.11828725039958954,0.09692983605793962,-0.08855605870485306,-0.016732903197407722
-78.3993435274261,40.18725712919195,0.05795000120997429,0.08910000324249268,0.2924000024795532,0.3598000109195709,0.2784000039100647,0.17990000545978546,0.6030296087265015,0.4635988486706308,0.12754623591899872,0.3333333432674408
,,,,,,,,,,,
-82.57650959858186,37.106035704661984,0.039000000804662704,0.04800000041723251,0.1728000044822693,0.17560000717639923,0.1890999972820282,0.11309999972581863,0.5706619024276733,0.2723934898002651,-0.037016697227954865,0.21648772060871124
,,,,,,,,,,,
-117.33906530579704,39.11826194108971,0.11180000007152557,0.195700004696846,0.23205000162124634,0.24529999494552612,0.2888000011444092,0.2703000009059906,0.11247163265943527,0.07843135600880669,-0.08144543319940567,-0.048487212508916855
-91.77301231975548,30.07447281821643,0.06599999964237213,0.0989999994635582,0.17669999599456787,0.2280000001192093,0.28760001063346863,0.19670000672340393,0.39449542760849,0.24302939091222872,-0.11559350043535233,0.07369906455278397
,,,,,,,,,,,
,,,,,,,,,,,
,,,,,,,,,,,
,,,,,,,,,,,
,,,,,,,,,,,
,,,,,,,,,,,
,,,,,,,,,,,
-121.84411645565643,38.66685851081966,0.06920000165700912,0.11630000174045563,0.2714749872684479,0.36285001039505005,0.30869999527931213,0.22139999270439148,0.5145570039749146,0.39981514499007853,0.08063437789678574,0.24210529029369354
-69.99335825627767,41.7750293938732,0.11309999972581863,0.14920000731945038,0.178849995136261,0.19699999690055847,0.259550005197525,0.22020000219345093,0.13807044923305511,0.09606493012912,-0.13700582087039948,-0.0556088350713253
-91.69440973239502,47.501789330135146,0.03240000084042549,0.04390000179409981,0.16529999673366547,0.20100000500679016,0.13349999487400055,0.07240000367164612,0.6414862871170044,0.3215572334920242,0.20179374516010284,0.4703730642795563
,,,,,,,,,,,
,,,,,,,,,,,
-87.66995725953956,34.25613046579281,0.01875000074505806,0.019099999219179153,0.15275000035762787,0.18594999611377716,0.1088000014424324,0.049150001257658005,0.8137039542198181,0.35961376582821847,0.26174724102020264,0.5818800330162048
-111.86832522550915,33.38027306377627,0.0786999985575676,0.11803333461284637,0.16273333132266998,0.1442749947309494,0.17880000174045563,0.15737499296665192,0.10004127770662308,0.05197500414571261,-0.10686375200748444,-0.043427810072898865
,,,,,,,,,,,
-123.8136727160885,44.108403344373656,0.020899999886751175,0.020600000396370888,0.2106499969959259,0.28700000047683716,0.09685000032186508,0.04190000146627426,0.8660598397254944,0.5311640134254548,0.4953758120536804,0.7452113032341003
-87.35779269830802,33.360060969883584,0.015300000086426735,0.019500000402331352,0.1696999967098236,0.2168000042438507,0.0860000029206276,0.03660000115633011,0.8349555730819702,0.4046183562382088,0.4319683015346527,0.7111286520957947
-73.02741812839136,42.75643884177378,0.033799998462200165,0.05310000106692314,0.26969999074935913,0.323199987411499,0.19140000641345978,0.09769999980926514,0.7177783250808716,0.4863862012972398,0.2561212182044983,0.5357567071914673
,,,,,,,,,,,
-80.88093949980627,37.30141927895798,0.026399999856948853,0.02865000069141388,0.1850000023841858,0.1940000057220459,0.18160000443458557,0.09014999866485596,0.7426453828811646,0.353947263210197,0.03301384672522545,0.36547601222991943
-79.79397800602165,36.09767679823782,0.06620000302791595,0.08685000240802765,0.17090000212192535,0.24263332784175873,0.16930000483989716,0.11640000343322754,0.4728109538555145,0.30732960344921767,0.17802231013774872,0.35159221291542053
,,,,,,,,,,,
-79.120241542932,36.881456883632104,0.02459999918937683,0.038100000470876694,0.18310000002384186,0.2590000033378601,0.18610000610351562,0.09279999881982803,0.7435206770896912,0.42379710074360977,0.16378341615200043,0.47242751717567444
,,,,,,,,,,,
,,,,,,,,,,,
,,,,,,,,,,,
,,,,,,,,,,,
-121.24673679171696,47.29742260299796,0.018400000408291817,0.0251499991863966,0.17364999651908875,0.24300000071525574,0.09669999778270721,0.044199999421834946,0.8124184012413025,0.4336531626378158,0.43067413568496704,0.6922005414962769
,,,,,,,,,,,
-113.22702709273996,48.031795347765666,0.034299999475479126,0.02565000019967556,0.15514999628067017,0.15960000455379486,0.0828000009059906,0.046950001269578934,0.7230769395828247,0.31704142751669845,0.31683167815208435,0.5453885197639465
-111.28891186725208,31.73186451741695,0.08889999985694885,0.15960000455379486,0.23270000517368317,0.26179999113082886,0.29660001397132874,0.22529999911785126,0.2425248920917511,0.16455734597582133,-0.06232095882296562,0.074933260679245
,,,,,,,,,,,
-99.28741967141526,47.342338367203936,0.05272499844431877,0.08049999922513962,0.24289999902248383,0.2831999957561493,0.2410999983549118,0.13600000739097595,0.5573274493217468,0.36968474867221585,0.08029753714799881,0.3511449992656708
-76.72623131075349,41.2045991884573,0.08630000054836273,0.14159999787807465,0.2110999971628189,0.2513999938964844,0.2703999876976013,0.20059999823570251,0.27938932180404663,0.18882200817133055,-0.03641240671277046,0.11238937079906464
,,,,,,,,,,,
,,,,,,,,,,,
-116.77312667680177,47.26822735626408,0.01590000092983246,0.01720000058412552,0.18790000677108765,0.22100000083446503,0.11580000072717667,0.05999999865889549,0.8555835485458374,0.42283912339916935,0.3123515546321869,0.5729537606239319
,,,,,,,,,,,
,,,,,,,,,,,
-111.8054431556208,31.93623124455414,0.06840000301599503,0.12099999934434891,0.22450000047683716,0.25099998712539673,0.287200003862381,0.21979999542236328,0.3494623601436615,0.2219945206321888,-0.06726127117872238,0.06627016514539719
-120.35965044864896,48.77739703358487,0.059950001537799835,0.08429999649524689,0.1569499969482422,0.18015000224113464,0.1659500002861023,0.1270499974489212,0.36245039105415344,0.19382041149497534,0.04102861136198044,0.1728515774011612
-98.14655926058347,27.979152418007647,0.07240000367164612,0.11123333126306534,0.2366500049829483,0.2819499969482422,0.32554998993873596,0.2241666615009308,0.4341910183429718,0.3034747234085441,-0.07176953554153442,0.11416999250650406
-118.9560328172122,47.85886965557266,0.06803333014249802,0.1736000031232834,0.2670400142669678,0.3580000102519989,0.23216666281223297,0.14425000548362732,0.3468773663043976,0.2439992616024689,0.213216632604599,0.4255848526954651
,,,,,,,,,,,
,,,,,,,,,,,
,,,,,,,,,,,
-121.2085583921419,39.01046410699537,0.03530000150203705,0.07374999672174454,0.20389999449253082,0.22724999487400055,0.20730000734329224,0.11500000208616257,0.5099667906761169,0.27313167632027724,0.04590953141450882,0.32797661423683167
-118.86844707701054,35.796741178057786,0.10159999877214432,0.2292499989271164,0.2750000059604645,0.34279999136924744,0.3458000123500824,0.21140000224113464,0.19849662482738495,0.14510810302895047,-0.004356696270406246,0.23709850013256073
-83.03465039348282,31.54770988417245,0.037183333188295364,0.04862000048160553,0.16414999961853027,0.18459999561309814,0.1281999945640564,0.06997142732143402,0.5830546021461487,0.2838961187737077,0.18030691146850586,0.4502805769443512
,,,,,,,,,,,
,,,,,,,,,,,
-103.48030626004314,30.862744480031314,0.10790000110864639,0.18639999628067017,0.2222999930381775,0.23989999294281006,0.2948499917984009,0.2690500020980835,0.1254984736442566,0.08634323934634466,-0.10275829583406448,-0.057274799793958664
-110.14805145642028,33.00073485623577,0.07360000163316727,0.13760000467300415,0.20035000145435333,0.21729999780654907,0.26704999804496765,0.21369999647140503,0.22457027435302734,0.13364409485335121,-0.10271497815847397,0.00835267174988985
-79.8950384754851,37.33286031390217,0.025800000876188278,0.030400000512599945,0.2151000052690506,0.3176000118255615,0.1437000036239624,0.06459999829530716,0.8252873420715332,0.5495599109871472,0.3769780993461609,0.6619570851325989
,,,,,,,,,,,
-119.75104184365796,41.08108083689087,0.08409333229064941,0.15031111240386963,0.1855749934911728,0.20095999538898468,0.2584500014781952,0.22474999725818634,0.14418745040893555,0.08601311924218244,-0.1251387745141983,-0.05588311702013016
,,,,,,,,,,,
-120.10363059267488,35.0152068808738,0.06724999845027924,0.1276666671037674,0.17935000360012054,0.20759999752044678,0.26429998874664307,0.17594166100025177,0.23841717839241028,0.1360127444342278,-0.1201525628566742,0.08254210650920868
,,,,,,,,,,,
,,,,,,,,,,,
,,,,,,,,,,,
-116.35541006968616,39.68644635829531,0.10209999978542328,0.17170000076293945,0.19939999282360077,0.22949999570846558,0.30674999952316284,0.2716499865055084,0.14406777918338776,0.09672344267243416,-0.14405594766139984,-0.08410654217004776
,,,,,,,,,,,
,,,,,,,,,,,
,,,,,,,,,,,
,,,,,,,,,,,
,,,,,,,,,,,
-85.06933451201354,33.108532690330115,0.02280000038444996,0.023099999874830246,0.15129999816417694,0.1923999935388565,0.10599999874830246,0.04729999974370003,0.7856148481369019,0.36487067917554394,0.2895442247390747,0.6053400039672852
-97.40769493939516,30.489943637121712,0.06392499804496765,0.09880000352859497,0.2401999980211258,0.2897999882698059,0.30277499556541443,0.1857749968767166,0.49150794744491577,0.34030267602671205,-0.02189597487449646,0.2187352031469345
,,,,,,,,,,,
,,,,,,,,,,,
-119.92172174764067,47.82967440883878,0.09201250225305557,0.14685000479221344,0.19731000065803528,0.2313999980688095,0.305649995803833,0.22910000383853912,0.2235293984413147,0.1486038054998143,-0.1382552832365036,0.0049945586360991
,,,,,,,,,,,
,,,,,,,,,,,
-103.42865313120626,29.331116920607528,0.1392499953508377,0.22965000569820404,0.25929999351501465,0.25815001130104065,0.2981500029563904,0.265749990940094,0.05842559412121773,0.04476417007862056,-0.07190363109111786,-0.014506545849144459
,,,,,,,,,,,
,,,,,,,,,,,
,,,,,,,,,,,
,,,,,,,,,,,
-93.73133963913602,30.882956573924,0.02539999969303608,0.031150000169873238,0.19644999504089355,0.2521499991416931,0.14949999749660492,0.0694499984383583,0.7800917625427246,0.44251331251417064,0.25557076930999756,0.5680969953536987
-71.31163593572307,44.98426074639019,0.03824999928474426,0.07010000199079514,0.31279999017715454,0.3958500027656555,0.21015000343322754,0.09239999949932098,0.6991093158721924,0.5324191303132699,0.30643564462661743,0.6215053796768188
,,,,,,,,,,,
,,,,,,,,,,,
,,,,,,,,,,,
,,,,,,,,,,,
-122.80755959787464,41.191124459195514,0.06469999998807907,0.094200000166893,0.1273999959230423,0.1623000055551529,0.1875,0.17329999804496765,0.265497088432312,0.13704971830133109,-0.07204114645719528,-0.0327770933508873
,,,,,,,,,,,
,,,,,,,,,,,
,,,,,,,,,,,
,,,,,,,,,,,
,,,,,,,,,,,
-91.17787844402628,47.501789330135146,0.03400000184774399,0.04780000075697899,0.18469999730587006,0.20829999446868896,0.13654999434947968,0.07535000145435333,0.6267083287239075,0.3235626071150522,0.20806148648262024,0.4687114357948303
,,,,,,,,,,,
,,,,,,,,,,,
,,,,,,,,,,,
-75.2058326923812,40.483701172951385,0.027049999684095383,0.05730000138282776,0.17669999599456787,0.24729999899864197,0.17389999330043793,0.08214999735355377,0.6237688660621643,0.3421635475031507,0.17426402866840363,0.5012900233268738
,,,,,,,,,,,
,,,,,,,,,,,
,,,,,,,,,,,
-118.11161645013983,45.26049269625695,0.0340999998152256,0.04910000041127205,0.18389999866485596,0.21639999747276306,0.14669999480247498,0.09830000251531601,0.6301318407058716,0.3332005514533645,0.19195814430713654,0.3752780258655548
,,,,,,,,,,,
-84.78187362109529,33.59362294375466,0.0269333329051733,0.03485000133514404,0.17550000548362732,0.2243500053882599,0.16369999945163727,0.08134999871253967,0.7310956716537476,0.3847090858278021,0.1562943011522293,0.46777889132499695
,,,,,,,,,,,
-91.99309956436475,30.489943637121712,0.05009999871253967,0.061500001698732376,0.2944999933242798,0.35760000348091125,0.2646999955177307,0.13410000503063202,0.7065139412879944,0.5479882974951229,0.14928492903709412,0.45454543828964233
,,,,,,,,,,,
-117.83763028848338,47.358058884676026,0.07304999977350235,0.12639999389648438,0.16519999504089355,0.186599999666214,0.28654998540878296,0.2160000056028366,0.19233229756355286,0.10772122624830238,-0.21124376356601715,-0.07302534580230713
,,,,,,,,,,,
,,,,,,,,,,,
-85.20183601642117,30.215957475465256,0.0714000016450882,0.11299999803304672,0.22450000047683716,0.2727999985218048,0.3407000005245209,0.22910000383853912,0.41420426964759827,0.2822723157303532,-0.11067645251750946,0.08706912398338318
,,,,,,,,,,,
-97.66146900715891,30.662869329314717,0.08843333274126053,0.12080000340938568,0.2585333287715912,0.2921714186668396,0.35655713081359863,0.2610749900341034,0.41497161984443665,0.31648205041045063,-0.09924907982349396,0.05620719492435455
-88.35043108726009,31.592625648378423,0.020500000566244125,0.0215000007301569,0.18549999594688416,0.2395000010728836,0.133200004696846,0.05900000035762787,0.8352490663528442,0.4486519862649076,0.28521597385406494,0.6046901345252991
-113.61554845312163,32.27983684072986,0.17479999363422394,0.3147999942302704,0.35910001397132874,0.38839998841285706,0.4999000132083893,0.453000009059906,0.1046643853187561,0.09358152035019685,-0.12552069127559662,-0.07677682489156723
-78.52735345541312,41.485322714744655,0.037300001829862595,0.03959999978542328,0.2485000044107437,0.29989999532699585,0.21850000321865082,0.11259999871253967,0.7667157649993896,0.5173921677905016,0.15702159702777863,0.4540606141090393
,,,,,,,,,,,
,,,,,,,,,,,
,,,,,,,,,,,
,,,,,,,,,,,
,,,,,,,,,,,
-118.80556500712215,39.10927878824852,0.20579999685287476,0.3343999981880188,0.38589999079704285,0.40799999237060547,0.4032999873161316,0.3736000061035156,0.09913792461156845,0.09834838043437796,0.005793177988380194,0.04401226341724396
-81.23801982524378,38.96779413099969,0.03180000185966492,0.030899999663233757,0.22589999437332153,0.2856000065803528,0.188400000333786,0.07940000295639038,0.8047393560409546,0.5166328780063354,0.20506329834461212,0.5649315118789673
,,,,,,,,,,,
,,,,,,,,,,,
,,,,,,,,,,,
-112.98448196602769,47.77128391537101,0.02124166674911976,0.02772499993443489,0.14010000228881836,0.15049999952316284,0.08914999663829803,0.05522499978542328,0.6888763904571533,0.2651641949971817,0.2559983432292938,0.4631182551383972
,,,,,,,,,,,
,,,,,,,,,,,
,,,,,,,,,,,
,,,,,,,,,,,
,,,,,,,,,,,
,,,,,,,,,,,
-90.22341845464928,29.92400500812641,0.04882499948143959,0.05693333223462105,0.3049750030040741,0.3770666718482971,0.257750004529953,0.13210000097751617,0.7376344203948975,0.591752810167128,0.18795453011989594,0.48111292719841003
,,,,,,,,,,,
,,,,,,,,,,,
,,,,,,,,,,,
,,,,,,,,,,,
,,,,,,,,,,,
-84.90763776087202,33.59362294375466,0.025200000032782555,0.03229999914765358,0.01850000023841858,0.019899999722838402,0.012799999676644802,0.009200000204145908,-0.2375478893518448,-0.030252755667586645,0.21712538599967957,0.3676975667476654
,,,,,,,,,,,
,,,,,,,,,,,
-93.43938717179718,47.54895088255142,0.027899999171495438,0.041600000113248825,0.20309999585151672,0.22699999809265137,0.1257999986410141,0.06650000065565109,0.6902456879615784,0.3657237488657702,0.2868480682373047,0.5468483567237854
-111.55391487606734,32.28657420536075,0.13600000739097595,0.2563000023365021,0.31380000710487366,0.33000001311302185,0.4478999972343445,0.3862000107765198,0.1257035732269287,0.09971318852863466,-0.15156187117099762,-0.07846969366073608
,,,,,,,,,,,
,,,,,,,,,,,
,,,,,,,,,,,
,,,,,,,,,,,
-82.37663444786527,32.22144634726209,0.02775000035762787,0.039650000631809235,0.19374999403953552,0.24120000004768372,0.1903499960899353,0.09425000101327896,0.7176428437232971,0.39644760760932507,0.11783108115196228,0.4380682706832886
-104.32696841532578,29.59387414121249,0.1485999971628189,0.21230000257492065,0.2508000135421753,0.2612999975681305,0.3043000102043152,0.29829999804496765,0.1034628301858902,0.08623115903533476,-0.07602547854185104,-0.06611865758895874
-122.40556350823115,38.19524298665691,0.121799997985363,0.1923999935388565,0.26899999380111694,0.30059999227523804,0.3149999976158142,0.26190000772476196,0.21947261691093445,0.17547843162360743,-0.02339182235300541,0.06879997253417969
-97.42116966865696,28.76742407982253,0.043299999088048935,0.054099999368190765,0.23720000684261322,0.2969000041484833,0.2353000044822693,0.13670000433921814,0.6917378902435303,0.4680933168164577,0.11574595421552658,0.3694649338722229
,,,,,,,,,,,
-119.57811615146495,47.528738788658735,0.07450000196695328,0.12300000339746475,0.15530000627040863,0.18119999766349792,0.28314998745918274,0.2312999963760376,0.1913214772939682,0.10694989548499499,-0.21955420076847076,-0.12145454436540604
,,,,,,,,,,,
,,,,,,,,,,,
,,,,,,,,,,,
-80.4564855280598,37.44065814799651,0.03220000118017197,0.04600000008940697,0.16369999945163727,0.21140000224113464,0.20059999823570251,0.09619999676942825,0.6425796747207642,0.331888600525817,0.026213601231575012,0.37451237440109253
,,,,,,,,,,,
-123.31510773340216,47.36928782572752,0.01899999938905239,0.023800000548362732,0.1648000031709671,0.20990000665187836,0.09809999912977219,0.04960000142455101,0.7963200807571411,0.3844405963271456,0.36298704147338867,0.6177263855934143
,,,,,,,,,,,
,,,,,,,,,,,
-97.26621028214636,28.302545920290676,0.05685000121593475,0.08649999648332596,0.249099999666214,0.30265000462532043,0.28110000491142273,0.16165000200271606,0.5554413795471191,0.3872892657485861,0.03691648691892624,0.30368295311927795
,,,,,,,,,,,
-124.10337939521705,43.13822283752457,0.04129999876022339,0.06069999933242798,0.27000001072883606,0.34940001368522644,0.21389999985694885,0.12399999797344208,0.7039746642112732,0.5141218977276274,0.2405467927455902,0.4761301577091217
-100.7449362198992,47.892556478727144,0.05469999834895134,0.09880000352859497,0.25380000472068787,0.31360000371932983,0.23019999265670776,0.13120000064373016,0.5208535194396973,0.3589212225368392,0.15336522459983826,0.4100719392299652
-104.76040553991344,30.988508619808044,0.11320000141859055,0.1987999975681305,0.23855000734329224,0.25679999589920044,0.3265500068664551,0.28744998574256897,0.12730465829372406,0.09059102741774376,-0.11956802755594254,-0.056316014379262924
-89.53845305050815,30.552825707010076,0.054499998688697815,0.07559999823570251,0.2303999960422516,0.3034000098705292,0.27619999647140503,0.15800000727176666,0.6010554432868958,0.42239942535508296,0.04692893847823143,0.3151278793811798
-68.93110043280633,46.405844683509336,0.13019999861717224,0.1597999930381775,0.28459998965263367,0.2953999936580658,0.12960000336170197,0.0917000025510788,0.2978910505771637,0.2653205068195644,0.3901176154613495,0.5262206196784973
,,,,,,,,,,,
-73.94819129461386,40.95756248532444,0.024150000885128975,0.02768000029027462,0.1695999950170517,0.22130000591278076,0.1225999966263771,0.07008333504199982,0.7776528000831604,0.40128332205758904,0.2870020568370819,0.5189612507820129
,,,,,,,,,,,
,,,,,,,,,,,
-111.16988509210624,32.172039006635515,0.11379999667406082,0.2084999978542328,0.2761000096797943,0.29159998893737793,0.38304999470710754,0.32065001130104065,0.166166752576828,0.12299448083829746,-0.13555178046226501,-0.04744797572493553
,,,,,,,,,,,
-123.91024160913136,40.85650201586099,0.031700000166893005,0.050599999725818634,0.21809999644756317,0.28439998626708984,0.19709999859333038,0.10660000145435333,0.6979104280471802,0.43288277989401003,0.18130838871002197,0.45473143458366394
,,,,,,,,,,,
,,,,,,,,,,,
,,,,,,,,,,,
,,,,,,,,,,,
-82.00832518137626,28.268859097136193,0.0320499986410141,0.042500000447034836,0.1805499941110611,0.225600004196167,0.16990000009536743,0.09099999815225601,0.6829541325569153,0.3690862569874367,0.14083439111709595,0.4251421391963959
,,,,,,,,,,,
,,,,,,,,,,,
,,,,,,,,,,,
-79.5199918443652,34.12812053780577,0.04755000025033951,0.06620000302791595,0.04050000011920929,0.0406000018119812,0.024000000208616257,0.015549999661743641,-0.23970037698745728,-0.05919485926727463,0.2569659650325775,0.44612646102905273
,,,,,,,,,,,
,,,,,,,,,,,
,,,,,,,,,,,
,,,,,,,,,,,
-120.96601326542962,40.88120568617427,0.08590000122785568,0.15299999713897705,0.1923000067472458,0.21930000185966492,0.2632000148296356,0.19329999387264252,0.1780821979045868,0.11101437629234148,-0.09098447859287262,0.06301504373550415
,,,,,,,,,,,
,,,,,,,,,,,
,,,,,,,,,,,
,,,,,,,,,,,
,,,,,,,,,,,
,,,,,,,,,,,
,,,,,,,,,,,
-89.75180293048655,29.827436115083565,0.05350000038743019,0.08799999952316284,0.19329999387264252,0.23420000076293945,0.2621999979019165,0.15320000052452087,0.4537554383277893,0.26856240452865776,-0.05640611797571182,0.20908620953559875
,,,,,,,,,,,
-68.51338382569075,46.30478421404589,0.0786999985575676,0.1006999984383583,0.17249999940395355,0.19900000095367432,0.1837500035762787,0.1366499960422516,0.3279946744441986,0.20260522346479135,0.039843231439590454,0.18575899302959442
,,,,,,,,,,,
-86.00358240749784,32.118140089588344,0.031300000846385956,0.04320000112056732,0.16179999709129333,0.17649999260902405,0.15719999372959137,0.09059999883174896,0.606736421585083,0.27748863871756035,0.0578363798558712,0.32160237431526184
,,,,,,,,,,,
,,,,,,,,,,,
,,,,,,,,,,,
,,,,,,,,,,,
,,,,,,,,,,,
,,,,,,,,,,,
,,,,,,,,,,,
-102.6089404344472,30.029557054010457,0.1295499950647354,0.2027333378791809,0.2556999921798706,0.27586665749549866,0.4015499949455261,0.3234499990940094,0.15280677378177643,0.12023430399250647,-0.1855332851409912,-0.07939599454402924
-94.8991495084914,30.22718641651675,0.023250000551342964,0.022749999538064003,0.16204999387264252,0.20630000531673431,0.12849999964237213,0.05654999986290932,0.801353394985199,0.3927295419655499,0.2323775589466095,0.5697165727615356
,,,,,,,,,,,
-117.85110501774518,38.985760436682085,0.12105416506528854,0.18927499651908875,0.2200363576412201,0.23267999291419983,0.27053332328796387,0.2284916639328003,0.10286641120910645,0.07430205936715821,-0.07522322982549667,0.009081930853426456
,,,,,,,,,,,
-119.62078612746063,47.79374179747399,0.10706999897956848,0.15468749403953552,0.2008800059556961,0.19710588455200195,0.23744000494480133,0.21240000426769257,0.12057756632566452,0.08020383192560884,-0.09281901270151138,-0.037347741425037384
-83.8072015378256,35.14546259707113,0.029100000858306885,0.03590000048279762,0.1972000002861023,0.2215999960899353,0.210099995136261,0.11365000158548355,0.7211650609970093,0.3809230702407731,0.026638872921466827,0.3219985067844391
,,,,,,,,,,,
,,,,,,,,,,,
,,,,,,,,,,,
,,,,,,,,,,,
,,,,,,,,,,,
,,,,,,,,,,,
,,,,,,,,,,,
,,,,,,,,,,,
,,,,,,,,,,,
,,,,,,,,,,,
,,,,,,,,,,,
,,,,,,,,,,,
,,,,,,,,,,,
-70.80184201198524,43.54246471537836,0.0406000018119812,0.06400000303983688,0.29010000824928284,0.31439998745918274,0.18860000371932983,0.08869999647140503,0.6617335677146912,0.4490996230665786,0.2500993609428406,0.5599107146263123
,,,,,,,,,,,
,,,,,,,,,,,
-76.60720453560765,42.545334750005686,0.05040000006556511,0.056299999356269836,0.16920000314712524,0.15839999914169312,0.1624000072479248,0.09870000183582306,0.47554728388786316,0.22826864662260032,-0.012468853034079075,0.2322053611278534
,,,,,,,,,,,
-120.0632064048895,36.230178302645456,0.07959999889135361,0.14159999787807465,0.22961999475955963,0.24273332953453064,0.26260000467300415,0.24120000004768372,0.26313963532447815,0.16908158528548656,-0.03931400179862976,0.0031684725545346737
,,,,,,,,,,,
,,,,,,,,,,,
,,,,,,,,,,,
,,,,,,,,,,,
-121.1613968397256,40.73747524071515,0.016200000420212746,0.03449999913573265,0.18410000205039978,0.21160000562667847,0.12809999287128448,0.06949999928474426,0.7196261882781982,0.34133838343425293,0.24580515921115875,0.5055140852928162
,,,,,,,,,,,
-69.92823039817901,45.327866342565905,0.03505000099539757,0.06509999930858612,0.2852500081062317,0.3386000096797943,0.1375499963760376,0.06814999878406525,0.6774832606315613,0.4663018272415241,0.4222409129142761,0.664904773235321
,,,,,,,,,,,
,,,,,,,,,,,
,,,,,,,,,,,
,,,,,,,,,,,
,,,,,,,,,,,
,,,,,,,,,,,
,,,,,,,,,,,
,,,,,,,,,,,
,,,,,,,,,,,
-96.93158783881182,48.24289943953376,0.057349998503923416,0.07129999995231628,0.3445500135421753,0.3968000113964081,0.16089999675750732,0.1294499933719635,0.695364236831665,0.5835529612068903,0.42298728227615356,0.508028507232666
,,,,,,,,,,,
-87.82042506962958,32.133860607060434,0.02914999984204769,0.03180000185966492,0.1964000016450882,0.29089999198913574,0.16124999523162842,0.07724999636411667,0.8029128909111023,0.5128357168831558,0.28674113750457764,0.5803341269493103
,,,,,,,,,,,
-90.64562663818548,31.871103386455474,0.02319999970495701,0.026799999177455902,0.16329999268054962,0.21770000457763672,0.1096000000834465,0.04729999974370003,0.780777096748352,0.3962225095603007,0.33027803897857666,0.643018901348114
-92.45124035926573,31.0716027835891,0.024949999526143074,0.02810000069439411,0.13955000042915344,0.18479999899864197,0.12635000050067902,0.06549999862909317,0.7360262870788574,0.33589847463397576,0.18785151839256287,0.47662806510925293
,,,,,,,,,,,
,,,,,,,,,,,
-123.4296429321274,39.42818071411095,0.029200000688433647,0.04984999820590019,0.20200000703334808,0.2487500011920929,0.13054999709129333,0.06689999997615814,0.6661084890365601,0.3741957429202241,0.31162670254707336,0.5761128067970276
-118.08691277982656,47.89031069051684,0.03180000185966492,0.05025000125169754,0.19050000607967377,0.20600000023841858,0.18539999425411224,0.10750000178813934,0.6078048944473267,0.30683609091319436,0.052631594240665436,0.31419456005096436
,,,,,,,,,,,
,,,,,,,,,,,
,,,,,,,,,,,
,,,,,,,,,,,
,,,,,,,,,,,
,,,,,,,,,,,
,,,,,,,,,,,
,,,,,,,,,,,
,,,,,,,,,,,
-119.097517474461,36.99823787056764,0.023250000551342964,0.03441999852657318,0.1936500072479248,0.2464749962091446,0.1273999959230423,0.06970000267028809,0.7549262046813965,0.4146169316592096,0.31848880648612976,0.5591049194335938
,,,,,,,,,,,
-77.50327403151687,36.239161455486645,0.034449998289346695,0.06289999932050705,0.22574999928474426,0.2896000146865845,0.18709999322891235,0.10975000262260437,0.6431205868721008,0.4023427306660541,0.21501997113227844,0.4503568410873413
,,,,,,,,,,,
,,,,,,,,,,,
-122.22140887498664,46.94932543040164,0.018124999478459358,0.019333332777023315,0.2687999904155731,0.35179999470710754,0.12809999287128448,0.0560000017285347,0.8958145976066589,0.624063413280492,0.4661387801170349,0.7253555655479431
,,,,,,,,,,,
-76.43877041983524,36.737726438172984,0.026200000196695328,0.030500000342726707,0.11990000307559967,0.15770000219345093,0.11860000342130661,0.06300000101327896,0.6758767366409302,0.2779234433278144,0.14151284098625183,0.4290892481803894
,,,,,,,,,,,
-78.1994683767095,35.37902457094221,0.028599999845027924,0.03200000151991844,0.1850000023841858,0.2513499855995178,0.1446666717529297,0.07259999960660934,0.7741309404373169,0.44625052857302516,0.2693909704685211,0.5517826676368713
-79.54244972646818,38.857750508695055,0.033149998635053635,0.05144999921321869,0.2276500016450882,0.257999986410141,0.19740000367164612,0.10249999910593033,0.6674745678901672,0.3917644831706818,0.13306979835033417,0.4313453435897827
,,,,,,,,,,,
,,,,,,,,,,,
,,,,,,,,,,,
,,,,,,,,,,,
-79.58287391425357,33.259000500420136,0.03420000150799751,0.04100000113248825,0.19920000433921814,0.24379999935626984,0.16060000658035278,0.08060000091791153,0.7120786309242249,0.41109218979987755,0.20573687553405762,0.5030826330184937
,,,,,,,,,,,
,,,,,,,,,,,
,,,,,,,,,,,
,,,,,,,,,,,
-119.80943233712574,40.05924720120491,0.09155000001192093,0.1427111178636551,0.18943125009536743,0.2130800038576126,0.2608500123023987,0.19380000233650208,0.19778145849704742,0.12722893810932423,-0.10079549252986908,0.04738498106598854
,,,,,,,,,,,
-118.1969564021312,46.10266327511899,0.0908999964594841,0.1738249957561493,0.34831249713897705,0.4728333353996277,0.22849999368190765,0.12822499871253967,0.4623899757862091,0.40758302165823895,0.3483840525150299,0.5733359456062317
,,,,,,,,,,,
-81.13471356757003,37.29692770253738,0.04270000010728836,0.07135000079870224,0.25619998574256897,0.36445000767707825,0.27869999408721924,0.1691499948501587,0.6725562214851379,0.49769069577569974,0.1333281695842743,0.3660045266151428
-112.64761373448285,34.31452095926058,0.04780000075697899,0.07450000196695328,0.15764999389648438,0.18490000069141388,0.241349995136261,0.16339999437332153,0.42559751868247986,0.2167425752582687,-0.13243401050567627,0.06172841414809227
,,,,,,,,,,,
,,,,,,,,,,,
,,,,,,,,,,,
,,,,,,,,,,,
-121.07381109952397,47.12898848722555,0.07400000095367432,0.11180000007152557,0.22910000383853912,0.26170000433921814,0.30300000309944153,0.23659999668598175,0.40133869647979736,0.2720508249131406,-0.07313617318868637,0.05037127807736397
-120.9884711475326,36.47272342935772,0.07384999841451645,0.17686666548252106,0.24289999902248383,0.3064500093460083,0.2859500050544739,0.15960000455379486,0.2681127190589905,0.17861000241736427,0.0346050038933754,0.3150949478149414
,,,,,,,,,,,
,,,,,,,,,,,
-121.46906982453656,36.17852517380858,0.01979999989271164,0.03180000185966492,0.218299999833107,0.2728999853134155,0.1803250014781952,0.11010000109672546,0.7912700772285461,0.4582952857989217,0.20425833761692047,0.4250652492046356
,,,,,,,,,,,
,,,,,,,,,,,
-72.378385335615,41.88731880438814,0.03020000085234642,0.051600001752376556,0.27790001034736633,0.31779998540878296,0.1809999942779541,0.0771000012755394,0.720628023147583,0.4750517268288933,0.27425822615623474,0.6095213890075684
-121.63974972851926,45.377273683192485,0.02215000055730343,0.02865000069141388,0.13154999911785126,0.17167499661445618,0.05665000155568123,0.030899999663233757,0.7139648199081421,0.3036753075249179,0.5037775039672852,0.6949278116226196
-74.31874634931317,44.45874630518027,0.03220000118017197,0.03280000016093254,0.21199999749660492,0.2978000044822693,0.10750000178813934,0.05979999899864197,0.8015729188919067,0.5286888617051272,0.4695287346839905,0.6655480861663818
-103.86882762042482,30.701047728889797,0.07639999687671661,0.10673333704471588,0.1906999945640564,0.2287999987602234,0.30012500286102295,0.2206166684627533,0.36379891633987427,0.23543175730835283,-0.13484899699687958,0.018208783119916916
-79.15168257787619,40.784636793131426,0.07840000092983246,0.10329999774694443,0.2328999936580658,0.26524999737739563,0.25529998540878296,0.1753000020980835,0.4394247829914093,0.3121506544014424,0.01911442168056965,0.20417658984661102
,,,,,,,,,,,
,,,,,,,,,,,
,,,,,,,,,,,
-121.1905920864595,37.701169580391166,0.031300000846385956,0.04805000126361847,0.15655000507831573,0.20280000567436218,0.17045000195503235,0.093299999833107,0.6169025301933289,0.30793569379518815,0.0866711437702179,0.36980751156806946
,,,,,,,,,,,
,,,,,,,,,,,
,,,,,,,,,,,
-118.62590195029829,37.29243612611679,0.10545714199542999,0.14588333666324615,0.2282000035047531,0.26034998893737793,0.2724500000476837,0.2079000025987625,0.2817756235599518,0.21280736763184194,-0.022710232064127922,0.11201278865337372
,,,,,,,,,,,
,,,,,,,,,,,
-120.56177138757585,41.5863831842081,0.0742499977350235,0.1376499980688095,0.17912499606609344,0.20399999618530273,0.27086666226387024,0.21507500112056732,0.19420459866523743,0.11260840455029228,-0.14081145823001862,-0.026427261531352997
,,,,,,,,,,,
-104.4751904372055,30.799862410142943,0.11460000276565552,0.24089999496936798,0.2918500006198883,0.3041999936103821,0.39934998750686646,0.37584999203681946,0.11612547934055328,0.08372572953883108,-0.13524268567562103,-0.10535989701747894
-88.46496628598533,33.60485188480615,0.030700000002980232,0.0369499996304512,0.22200000286102295,0.2729499936103821,0.20550000667572021,0.10239999741315842,0.7615360021591187,0.4666244772037743,0.14097604155540466,0.4543759226799011
-118.04199701562058,40.58925321883543,0.09799999743700027,0.18970000743865967,0.24584999680519104,0.27959999442100525,0.3163999915122986,0.24369999766349792,0.19156187772750854,0.13355714266268118,-0.06174496188759804,0.06860309094190598
,,,,,,,,,,,
,,,,,,,,,,,
,,,,,,,,,,,
,,,,,,,,,,,
,,,,,,,,,,,
-119.99807854679084,38.90940363753192,0.024836363270878792,0.0473666675388813,0.14270499348640442,0.15273000299930573,0.11994999647140503,0.08494000136852264,0.5265621542930603,0.2106159233899562,0.12021419405937195,0.2852274179458618
-116.05672023771643,33.840659646887524,0.11999999731779099,0.2062000036239624,0.26190000772476196,0.28519999980926514,0.3594000041484833,0.3127000033855438,0.1607651561498642,0.12173322570924626,-0.11511015146970749,-0.04599431902170181
,,,,,,,,,,,
,,,,,,,,,,,
-108.81629904771307,32.13161481885014,0.14067499339580536,0.26374998688697815,0.3054249882698059,0.3153333365917206,0.2930000126361847,0.26306667923927307,0.08907759189605713,0.06998069089267443,0.03671231120824814,0.09036420285701752
,,,,,,,,,,,
-115.61654574849788,36.3334845603192,0.06046000123023987,0.07596363872289658,0.18995000422000885,0.21629999577999115,0.16359999775886536,0.11704999953508377,0.48017042875289917,0.28789736752659056,0.13872070610523224,0.2977350950241089
-117.95665706362922,34.50316716892567,0.09485000371932983,0.17239999771118164,0.2231999933719635,0.2590000033378601,0.32785001397132874,0.24819999933242798,0.20074178278446198,0.1368499355615009,-0.11732130497694016,0.021293383091688156
-118.1700069436076,34.869230647204375,0.15160000324249268,0.2574666738510132,0.27970001101493835,0.32199999690055847,0.30079999566078186,0.25099998712539673,0.11136675626039505,0.0932670286511131,0.03403982147574425,0.12390927225351334
,,,,,,,,,,,
-100.98748134661146,30.990754408018343,0.07559999823570251,0.1151999980211258,0.19599999487400055,0.227400004863739,0.3125,0.22699999809265137,0.32749563455581665,0.2075318258472326,-0.15762177109718323,0.0008802965749055147
,,,,,,,,,,,
,,,,,,,,,,,
-122.36738510865608,37.41595447768322,0.018400000408291817,0.017000000923871994,0.17599999904632568,0.2321999967098236,0.0763000026345253,0.033399999141693115,0.8635634183883667,0.4497575571215455,0.5053484439849854,0.7484939694404602
-86.71774305837286,35.18364099664621,0.03220000118017197,0.03460000082850456,0.15244999527931213,0.18129999935626984,0.1550000011920929,0.08685000240802765,0.6794812083244324,0.31963569615255594,0.07820397615432739,0.35222822427749634
,,,,,,,,,,,
-99.83090041830758,48.32823939152511,0.09978000074625015,0.1660500019788742,0.21310000121593475,0.2560499906539917,0.301800012588501,0.23829999566078186,0.21321959793567657,0.14960104531051527,-0.08201133459806442,0.03590572625398636
,,,,,,,,,,,
-84.79310256214679,38.97453149563059,0.03269999846816063,0.043699998408555984,0.19589999318122864,0.23849999904632568,0.19120000302791595,0.10830000042915344,0.6902905702590942,0.3879087189547724,0.11007678508758545,0.3754325211048126
-76.65212029981362,39.36754443243288,0.12439999729394913,0.13680000603199005,0.1451999992132187,0.2046000063419342,0.1615999937057495,0.13040000200271606,0.19859401881694794,0.15516293576170684,0.1174222081899643,0.22149254381656647
-123.29714142771978,40.38937806811884,0.018650000914931297,0.02604999952018261,0.2290000021457672,0.29089999198913574,0.14480000734329224,0.07500000298023224,0.8356207609176636,0.5064731341962931,0.33532243967056274,0.5900518894195557
,,,,,,,,,,,
,,,,,,,,,,,
,,,,,,,,,,,
,,,,,,,,,,,
-78.35667355143042,35.72712174353852,0.021833334118127823,0.022450000047683716,0.17319999635219574,0.21985000371932983,0.11005000025033951,0.05204999819397926,0.8146925568580627,0.4144272841438166,0.3328281342983246,0.617138683795929
-86.18998282895264,31.255757416833603,0.05050000175833702,0.0746999979019165,0.2587999999523163,0.30809998512268066,0.32199999690055847,0.1776999980211258,0.609717845916748,0.4235780808477206,-0.022060010582208633,0.2684231996536255
,,,,,,,,,,,
,,,,,,,,,,,
-88.58399306113117,32.64590031900856,0.023600000888109207,0.025299999862909317,0.1599999964237213,0.21140000224113464,0.11649999767541885,0.05260000005364418,0.786227285861969,0.3922188568552219,0.2894175052642822,0.6015151739120483
,,,,,,,,,,,
-84.27432548556776,34.48070928682269,0.02160000056028366,0.030400000512599945,0.13379999995231628,0.16314999759197235,0.15004999935626984,0.08205000311136246,0.6858692765235901,0.28040639912935067,0.04182630404829979,0.33075037598609924
,,,,,,,,,,,
-99.53221058633784,28.792127750135815,0.051100000739097595,0.08370000123977661,0.186599999666214,0.2126999944448471,0.2833000123500824,0.18709999322891235,0.43522265553474426,0.24218074110989465,-0.14233873784542084,0.06403201818466187
-82.35193077755198,31.154696947370155,0.025200000032782555,0.0364999994635582,0.16779999434947968,0.2207999974489212,0.12380000203847885,0.06109999865293503,0.7162845134735107,0.36836424462691,0.28148576617240906,0.566512942314148
,,,,,,,,,,,
-85.50277163660121,30.1351090998945,0.08969999849796295,0.125900000333786,0.25619998574256897,0.30410000681877136,0.28459998965263367,0.20024999976158142,0.41441860795021057,0.3212547393253974,0.033123861998319626,0.2059086114168167
,,,,,,,,,,,
-77.67395393549958,40.28382602223479,0.028999999165534973,0.03590000048279762,0.12399999797344208,0.22110000252723694,0.16859999299049377,0.08730000257492065,0.7206225395202637,0.3798195247529555,0.13471904397010803,0.4338521361351013
,,,,,,,,,,,
,,,,,,,,,,,
,,,,,,,,,,,
-78.1994683767095,35.85962324794615,0.02449999935925007,0.033900000154972076,0.1745000034570694,0.23420000076293945,0.16220000386238098,0.08275000005960464,0.7471092939376831,0.39936993972536927,0.18163470923900604,0.47783562541007996
-70.54357636780088,45.065109121960944,0.03844999894499779,0.0831499993801117,0.3231000006198883,0.40665000677108765,0.19779999554157257,0.09925000369548798,0.660473644733429,0.5001004919035978,0.3455207347869873,0.6076299548149109
-109.83139531876814,32.910903327823824,0.09385000169277191,0.16369999945163727,0.22965000569820404,0.3124000132083893,0.2748500108718872,0.22360000014305115,0.31232935190200806,0.23369849285136995,0.06394210457801819,0.16567166149616241
,,,,,,,,,,,
-101.59608995160244,47.42543253098499,0.059700001031160355,0.10396666824817657,0.21610714495182037,0.2561555504798889,0.28386667370796204,0.17319999635219574,0.42260342836380005,0.2656547483603015,-0.05131478235125542,0.1932094544172287
-116.1263396722357,48.32823939152511,0.031700000166893005,0.042399998754262924,0.18709999322891235,0.24160000681877136,0.13860000669956207,0.08659999817609787,0.7014084458351135,0.39578781713981837,0.27091002464294434,0.4722730219364166
-76.8811906972641,39.54271591283619,0.04104999825358391,0.056699998676776886,0.2414499968290329,0.2810499966144562,0.24950000643730164,0.13054999709129333,0.6642487049102783,0.4270486297416498,0.05946657061576843,0.36564627289772034
,,,,,,,,,,,
,,,,,,,,,,,
,,,,,,,,,,,
,,,,,,,,,,,
,,,,,,,,,,,
-68.43253545012,44.69006249084104,0.022299999371170998,0.024000000208616257,0.20430000126361847,0.2775000035762787,0.1088000014424324,0.0560000017285347,0.8407959938049316,0.505282043927962,0.4367072284221649,0.6641679406166077
,,,,,,,,,,,
-113.39995278493296,37.97740153025792,0.13359999656677246,0.26739999651908875,0.3325499892234802,0.33980000019073486,0.4828999936580658,0.44804999232292175,0.11923584342002869,0.09319329044798283,-0.17393946647644043,-0.13739924132823944
,,,,,,,,,,,
-118.09365014445746,48.763922304323074,0.04740000143647194,0.0803999975323677,0.18119999766349792,0.2199999988079071,0.2012999951839447,0.11739999800920486,0.4647137224674225,0.2591135274524368,0.04438643157482147,0.30409011244773865
,,,,,,,,,,,
-96.18823194120291,28.76517829161223,0.04580000042915344,0.05700000002980232,0.2906999886035919,0.36640000343322754,0.27070000767707825,0.14669999480247498,0.7307510375976562,0.5667081898202252,0.1502118855714798,0.42818164825439453
-103.25797322722356,30.687572999628006,0.19370000064373016,0.3009999990463257,0.3349500000476837,0.3734000027179718,0.4269833266735077,0.3901500105857849,0.10735469311475754,0.10482727246409392,-0.0669470727443695,-0.021937014535069466
-71.83715037693298,42.78338830029736,0.02979999966919422,0.05000000074505806,0.181099995970726,0.23160000145435333,0.1316000074148178,0.06109999865293503,0.6448863744735718,0.34706826607741825,0.2753303647041321,0.5825076699256897
-95.39546870296743,29.088571793895255,0.04650000110268593,0.061500001698732376,0.2782999873161316,0.33219999074935913,0.2623000144958496,0.1469999998807907,0.687579333782196,0.5003881668775977,0.11757775396108627,0.38647744059562683
,,,,,,,,,,,
,,,,,,,,,,,
,,,,,,,,,,,
-83.39846808355124,32.524627755652425,0.020500000566244125,0.020500000566244125,0.19380000233650208,0.25360000133514404,0.11620000004768372,0.0478999987244606,0.8504195809364319,0.47655068216931923,0.3715521991252899,0.6822553873062134
,,,,,,,,,,,
-76.65661187623422,38.10541145824495,0.058800000697374344,0.11540000140666962,0.2281000018119812,0.28220000863075256,0.2736000120639801,0.18709999322891235,0.4195170998573303,0.27190924285385765,0.01547318510711193,0.2026422619819641
-118.67306350271454,43.92424871112915,0.07349999994039536,0.125900000333786,0.17000000178813934,0.20309999585151672,0.24500000476837158,0.19584999978542328,0.23465044796466827,0.13714690995011738,-0.09350593388080597,0.018172694370150566
,,,,,,,,,,,
,,,,,,,,,,,
-90.54232038051173,30.41807841439215,0.1185000017285347,0.13650000095367432,0.2301499992609024,0.34815001487731934,0.2467000037431717,0.15569999814033508,0.43670693039894104,0.4138963013523681,0.170547217130661,0.381958931684494
-72.769152484207,43.87034979408198,0.03415000066161156,0.04574999958276749,0.20604999363422394,0.24500000476837158,0.1265999972820282,0.06769999861717224,0.6852966547012329,0.3942812023567271,0.3186222016811371,0.5669971108436584
,,,,,,,,,,,
-120.16875845077357,38.08295357614197,0.023800000548362732,0.03956000134348869,0.24472500383853912,0.24469999969005585,0.24042916297912598,0.14560000598430634,0.721663236618042,0.3934226229978222,0.008803504519164562,0.2539072334766388
-120.09689322804398,41.5908747606287,0.18466666340827942,0.2680400013923645,0.3088875114917755,0.358599990606308,0.3567500114440918,0.2642333209514618,0.14451676607131958,0.14312444348731593,0.0025861174799501896,0.15151192247867584
,,,,,,,,,,,
,,,,,,,,,,,
-122.36289353223547,39.61008955914515,0.07460000365972519,0.15219999849796295,0.18379999697208405,0.20430000126361847,0.29510000348091125,0.24310000240802765,0.14614306390285492,0.0836007765446708,-0.1818181872367859,-0.08672329038381577
,,,,,,,,,,,
-120.77961284397482,43.760306171777344,0.09911666810512543,0.1428000032901764,0.17812222242355347,0.1881999969482422,0.2643600106239319,0.23154999315738678,0.13716010749340057,0.08719868136415426,-0.16828709840774536,-0.10327575355768204
-82.18798823820018,31.42868310902661,0.0272000003606081,0.029075000435113907,0.21469999849796295,0.25999999046325684,0.2037000060081482,0.09889999777078629,0.798841118812561,0.4691880853256367,0.1214146763086319,0.44887155294418335
,,,,,,,,,,,
-81.70065219656533,37.09705255182079,0.02590000070631504,0.03660000115633011,0.16660000383853912,0.22390000522136688,0.1882999986410141,0.10050000250339508,0.7190018892288208,0.37482490101304716,0.08636585623025894,0.3803945779800415
,,,,,,,,,,,
-84.52809955333153,30.83354923329743,0.037450000643730164,0.052933331578969955,0.149399995803833,0.1876000016927719,0.2485000044107437,0.16169999539852142,0.5598669648170471,0.2749814624720825,-0.13964687287807465,0.07414831221103668
,,,,,,,,,,,
,,,,,,,,,,,
,,,,,,,,,,,
,,,,,,,,,,,
,,,,,,,,,,,
,,,,,,,,,,,
,,,,,,,,,,,
-97.68168110105162,28.94708713664643,0.06610000133514404,0.11100000143051147,0.25064998865127563,0.28005000948905945,0.35635000467300415,0.22699999809265137,0.4322976768016815,0.2914052387768509,-0.1198931410908699,0.10462480783462524
-87.27919011094757,31.38825892124123,0.026650000363588333,0.02419999986886978,0.20534999668598175,0.2687999904155731,0.13689999282360077,0.05950000137090683,0.8348122835159302,0.5036548814691163,0.3251170814037323,0.6375266313552856
-92.64213235714112,30.420324202602448,0.03269999846816063,0.03400000184774399,0.1768999993801117,0.2176000028848648,0.1762000024318695,0.08900000154972076,0.7297297120094299,0.390189988233533,0.10512951016426086,0.41943901777267456
-91.68542657955382,30.82905765687683,0.10429999977350235,0.15880000591278076,0.26579999923706055,0.3109999895095825,0.36250001192092896,0.31029999256134033,0.3239676058292389,0.2568255895100494,-0.07646625488996506,0.0011266650399193168
,,,,,,,,,,,
,,,,,,,,,,,
,,,,,,,,,,,
,,,,,,,,,,,
,,,,,,,,,,,
,,,,,,,,,,,
-80.23639828345051,38.88245417900834,0.025100000202655792,0.033900000154972076,0.20364999771118164,0.26054999232292175,0.18150000274181366,0.08515000343322754,0.7697401642799377,0.444167895345209,0.17882589995861053,0.5073763132095337
,,,,,,,,,,,
,,,,,,,,,,,
-90.51312513377783,32.477466203236155,0.022099999710917473,0.027499999850988388,0.14499999582767487,0.18160000443458557,0.14720000326633453,0.06840000301599503,0.7369679808616638,0.32624804979172795,0.10462287068367004,0.4528000056743622
-121.85309960849764,43.12923968468338,0.06400000303983688,0.10920000076293945,0.14970000088214874,0.18199999630451202,0.2623000144958496,0.1906999945640564,0.2499999850988388,0.1340996108111868,-0.18073377013206482,-0.023343168199062347
,,,,,,,,,,,
-89.12747380802348,32.43255043903017,0.020999999716877937,0.021150000393390656,0.1603499948978424,0.1964000016450882,0.1550000011920929,0.07720000296831131,0.8055619597434998,0.37581489177039945,0.11781445890665054,0.43567249178886414
,,,,,,,,,,,
,,,,,,,,,,,
-94.95978579016948,48.519131389400506,0.023749999701976776,0.0239499993622303,0.1368499994277954,0.16134999692440033,0.07395000010728836,0.041450001299381256,0.7415002584457397,0.3048117623870221,0.37144070863723755,0.591222882270813
,,,,,,,,,,,
-69.5464464024282,45.00896441670348,0.04749999940395355,0.05270000174641609,0.21960000693798065,0.25110000371932983,0.1137000024318695,0.06599999964237213,0.6530612111091614,0.4095619481330336,0.37664473056793213,0.5837275385856628
-100.50463688139722,28.906662948861054,0.08264999836683273,0.11379999667406082,0.19484999775886536,0.22540000081062317,0.31940001249313354,0.25220000743865967,0.32900944352149963,0.21656027154239904,-0.17254039645195007,-0.056113917380571365
-122.17424732257038,39.31589130359601,0.04470000043511391,0.0737999975681305,0.17299999296665192,0.2171500027179718,0.1632000058889389,0.08060000091791153,0.4926963448524475,0.27053296366690754,0.1418430209159851,0.45860621333122253
,,,,,,,,,,,
-80.30377192975948,32.89069123393113,0.026599999517202377,0.030400000512599945,0.18320000171661377,0.26739999651908875,0.13259999454021454,0.06669999659061432,0.7958361506462097,0.47388625809194584,0.3370000123977661,0.6007183790206909
,,,,,,,,,,,
,,,,,,,,,,,
,,,,,,,,,,,
,,,,,,,,,,,
-111.6235343105866,32.353947851669716,0.12780000269412994,0.23360000550746918,0.27469998598098755,0.30160000920295715,0.3797999918460846,0.32440000772476196,0.1270553171634674,0.09743795901359097,-0.11476369947195053,-0.036421723663806915
,,,,,,,,,,,
,,,,,,,,,,,
,,,,,,,,,,,
-120.8424949138632,37.8291795083782,0.0385500006377697,0.058116666972637177,0.2696000039577484,0.3553999960422516,0.2341500073671341,0.12415000051259995,0.7189149856567383,0.5252448462347078,0.20566532015800476,0.48222291469573975
,,,,,,,,,,,
,,,,,,,,,,,
,,,,,,,,,,,
-74.2581100676351,43.42568372844282,0.008100000210106373,0.017650000751018524,0.16015000641345978,0.24650000035762787,0.10315000265836716,0.04645000025629997,0.8663638234138489,0.44294119735234677,0.4099813997745514,0.6828810572624207
,,,,,,,,,,,
,,,,,,,,,,,
,,,,,,,,,,,
-114.89340194478166,48.7302354811686,0.028999999165534973,0.03530000150203705,0.1639000028371811,0.20239999890327454,0.10885000228881836,0.05950000137090683,0.7029869556427002,0.3490849741415298,0.3005622327327728,0.5456280708312988
-76.59148401813556,41.276464411186865,0.033399999141693115,0.04464999958872795,0.22709999978542328,0.28119999170303345,0.1822499930858612,0.09239999949932098,0.7259474992752075,0.4553942570894733,0.21350739896297455,0.5053533315658569
,,,,,,,,,,,
,,,,,,,,,,,
,,,,,,,,,,,
,,,,,,,,,,,
-116.47219105662172,37.21607932696663,0.09969999641180038,0.16200000047683716,0.19584999978542328,0.2076999992132187,0.29074999690055847,0.2838500142097473,0.12361373752355576,0.07978630156659725,-0.1666165143251419,-0.1549181491136551
,,,,,,,,,,,
,,,,,,,,,,,
,,,,,,,,,,,
-120.59770399894062,37.615829628399815,0.03550000116229057,0.04989999905228615,0.2142000049352646,0.26233333349227905,0.16545000672340393,0.10103332996368408,0.6803672313690186,0.40994996097172587,0.22647756338119507,0.44390425086021423
-94.44774607822134,29.991378654435376,0.0494999997317791,0.06620000302791595,0.22540000081062317,0.2720000147819519,0.2623000144958496,0.14309999346733093,0.6085156798362732,0.3963943260731973,0.01815459504723549,0.31052762269973755
-111.36751445461252,36.98027156488526,0.11240000277757645,0.31520000100135803,0.3774000108242035,0.40560001134872437,0.557200014591217,0.5253999829292297,0.12541621923446655,0.09210205647912052,-0.1574574112892151,-0.1286788135766983
-104.14730535850188,30.52587624848649,0.07729999721050262,0.15440000593662262,0.19329999387264252,0.20319999754428864,0.25450000166893005,0.20960000157356262,0.13646529614925385,0.0787172789377817,-0.11208216100931168,-0.01550388615578413
-118.9425580879504,41.86935249870575,0.08909166604280472,0.14713333547115326,0.18185000121593475,0.1940000057220459,0.27213332056999207,0.23864999413490295,0.13738518953323364,0.08317878316084845,-0.16762010753154755,-0.10320117324590683
,,,,,,,,,,,
,,,,,,,,,,,
,,,,,,,,,,,
,,,,,,,,,,,
-96.7541705701982,28.6304309989943,0.0617000013589859,0.07840000092983246,0.12439999729394913,0.1485999971628189,0.2797999978065491,0.20630000531673431,0.3092510998249054,0.15178377661694564,-0.30625584721565247,-0.16258102655410767
-75.02392384734699,41.06536031941878,0.029600000008940697,0.03359999880194664,0.1906999945640564,0.22859999537467957,0.17509999871253967,0.08659999817609787,0.7437071204185486,0.40349279608144967,0.13252414762973785,0.45050761103630066
,,,,,,,,,,,
-81.75455111361251,31.132239065267168,0.03584999963641167,0.03655000030994415,0.1518000066280365,0.23579999804496765,0.1927500069141388,0.10984999686479568,0.7315953969955444,0.41992454486502,0.10045500099658966,0.3643859624862671
,,,,,,,,,,,
,,,,,,,,,,,
,,,,,,,,,,,
,,,,,,,,,,,
,,,,,,,,,,,
,,,,,,,,,,,
,,,,,,,,,,,
-92.12335528056208,29.92400500812641,0.03909999877214432,0.05180000141263008,0.12120000272989273,0.1492999941110611,0.10320000350475311,0.07029999792575836,0.48483338952064514,0.20889572719886348,0.18257422745227814,0.35974499583244324
,,,,,,,,,,,
-123.0927747005826,42.68906519546481,0.020999999716877937,0.03929999843239784,0.1860000044107437,0.20489999651908875,0.11890000104904175,0.05249999836087227,0.6781327128410339,0.3226309216717885,0.26559603214263916,0.5920745730400085
,,,,,,,,,,,
,,,,,,,,,,,
,,,,,,,,,,,
-118.98073648752548,38.327744491064536,0.0877000018954277,0.12099999934434891,0.2069000005722046,0.22310000658035278,0.21639999747276306,0.16134999692440033,0.2967160940170288,0.19766137791985586,0.015244617126882076,0.1606190949678421
,,,,,,,,,,,
-122.54031080084908,38.42655917231768,0.056699998676776886,0.09712500125169754,0.15539999306201935,0.21080000698566437,0.24895000457763672,0.1694333404302597,0.3691645860671997,0.2076938604567918,-0.08297987282276154,0.10879284143447876
,,,,,,,,,,,
,,,,,,,,,,,
,,,,,,,,,,,
-116.8607124170034,34.168544725591154,0.036375001072883606,0.05730000138282776,0.17834000289440155,0.2097499966621399,0.14904999732971191,0.09605000168085098,0.5708668828010559,0.2975824391158003,0.16917502880096436,0.3718116283416748
-75.49778515972004,39.76055736923517,0.02969999983906746,0.039799999445676804,0.19419999420642853,0.25360000133514404,0.16249999403953552,0.09555000066757202,0.7286980152130127,0.4209821644182526,0.21893776953220367,0.45267078280448914
-99.5771263505438,28.702296221723863,0.04769999906420708,0.06324999779462814,0.1725499927997589,0.20264999568462372,0.24490000307559967,0.1736000031232834,0.524257242679596,0.2846292042811953,-0.09440287947654724,0.07720928639173508
,,,,,,,,,,,
-118.82128552459426,34.231426795479514,0.050999999046325684,0.09320999681949615,0.14665000140666962,0.1728000044822693,0.296099990606308,0.2110625058412552,0.29919931292533875,0.14743695741950877,-0.26295581459999084,-0.09967762231826782
-110.1098730568452,34.2718509832649,0.10859999805688858,0.23739999532699585,0.29170000553131104,0.3163999915122986,0.399399995803833,0.37380000948905945,0.14265076816082,0.10252815901676532,-0.11595418304204941,-0.08316432684659958
-91.45860197031364,30.552825707010076,0.026000000536441803,0.026799999177455902,0.17949999868869781,0.24770000576972961,0.14079999923706055,0.07039999961853027,0.8047358989715576,0.45508860150959446,0.27516087889671326,0.5573719143867493
,,,,,,,,,,,
,,,,,,,,,,,
-92.54556346409828,47.587129282126504,0.02979999966919422,0.03420000150799751,0.1574999988079071,0.20000000298023224,0.11819999665021896,0.06459999829530716,0.7079419493675232,0.35076584462319854,0.25707104802131653,0.511715829372406
-78.43527613879087,39.90428781469429,0.057999998331069946,0.07450000196695328,0.304500013589859,0.3865000009536743,0.29600000381469727,0.16369999945163727,0.6767895817756653,0.5577404242912982,0.13260072469711304,0.40494364500045776
-82.15879299146629,33.7036665660593,0.02410000003874302,0.025100000202655792,0.21289999783039093,0.2858000099658966,0.15790000557899475,0.06520000100135803,0.8385332822799683,0.5190538914147667,0.2882578372955322,0.6284900307655334
,,,,,,,,,,,
-80.11512572009438,33.85188858793902,0.08079999685287476,0.1371999979019165,0.26019999384880066,0.32280001044273376,0.35499998927116394,0.23999999463558197,0.4034782946109772,0.30129871745900916,-0.047506608068943024,0.14712156355381012
,,,,,,,,,,,
,,,,,,,,,,,
-119.06607643951683,48.642649740966945,0.04071333259344101,0.061500001698732376,0.19876666367053986,0.2221333384513855,0.16355000436306,0.10305000096559525,0.5663415193557739,0.3123258211206883,0.15189489722251892,0.3662036955356598
,,,,,,,,,,,
,,,,,,,,,,,
,,,,,,,,,,,
-89.14768590191616,31.844153927931888,0.049400001764297485,0.06809999793767929,0.2206999957561493,0.2680000066757202,0.2847999930381775,0.17350000143051147,0.594763457775116,0.3826276924342784,-0.03039071336388588,0.2140430361032486
-91.32834625411633,31.691440329631572,0.02459999918937683,0.02785000018775463,0.1660500019788742,0.2082500010728836,0.164900004863739,0.07280000299215317,0.7640830278396606,0.37872108080560807,0.11617311090230942,0.48194271326065063
,,,,,,,,,,,
,,,,,,,,,,,
,,,,,,,,,,,
-120.41354936569611,47.74882603326802,0.05665000155568123,0.0957375019788742,0.2828666567802429,0.29899999499320984,0.3030500113964081,0.19939999282360077,0.514930784702301,0.35080337870290995,-0.0067270430736243725,0.1998395025730133
,,,,,,,,,,,
-119.2951468369673,40.200731858453736,0.18544210493564606,0.24025385081768036,0.25966471433639526,0.27125000953674316,0.34696364402770996,0.3417545557022095,0.06059809401631355,0.05861792600262676,-0.1224716305732727,-0.11501471698284149
,,,,,,,,,,,
,,,,,,,,,,,
,,,,,,,,,,,
,,,,,,,,,,,
,,,,,,,,,,,
-92.2917893963345,47.65899450485607,0.046549998223781586,0.07259999960660934,0.17464999854564667,0.24654999375343323,0.1906999945640564,0.10114999860525131,0.5450415015220642,0.3262316789474813,0.127730131149292,0.4181765913963318
,,,,,,,,,,,
,,,,,,,,,,,
,,,,,,,,,,,
,,,,,,,,,,,
-78.25561308196697,34.09667950286159,0.02199999988079071,0.027000000700354576,0.18950000405311584,0.21170000731945038,0.13249999284744263,0.07819999754428864,0.7737746238708496,0.3820220168815163,0.23009882867336273,0.46050363779067993
,,,,,,,,,,,
,,,,,,,,,,,
-122.07543264131724,41.233794435191186,0.02019999921321869,0.029400000348687172,0.12049999833106995,0.12269999831914902,0.10040000081062317,0.06620000302791595,0.6134122014045715,0.20325025587592557,0.09995516389608383,0.29910001158714294
,,,,,,,,,,,
,,,,,,,,,,,
,,,,,,,,,,,
,,,,,,,,,,,
-120.75715496187183,41.99062506206189,0.047449998557567596,0.08389999717473984,0.19679999351501465,0.2567000091075897,0.19670000672340393,0.12970000505447388,0.5073400139808655,0.3076430265214697,0.13233348727226257,0.32867494225502014
,,,,,,,,,,,
-92.13907579803416,30.58651253016456,0.05534999817609787,0.08065000176429749,0.12905000150203705,0.1582999974489212,0.21664999425411224,0.13214999437332153,0.32496336102485657,0.1582014023400187,-0.155620738863945,0.09003271907567978
,,,,,,,,,,,
,,,,,,,,,,,
,,,,,,,,,,,
-95.89178789744348,48.105906358705525,0.09165000170469284,0.14980000257492065,0.22439999878406525,0.2728999853134155,0.29510000348091125,0.22259999811649323,0.29122304916381836,0.20733327225429138,-0.0390845388174057,0.10151360183954239
,,,,,,,,,,,
,,,,,,,,,,,
-119.97112908826723,40.72175472324306,0.0804181843996048,0.13825714588165283,0.19290000200271606,0.21330000460147858,0.24074000120162964,0.1842166632413864,0.21345849335193634,0.1303093006833394,-0.06043519452214241,0.07316257059574127
,,,,,,,,,,,
-119.77349972576096,42.39486693991567,0.061799999326467514,0.08910000324249268,0.14730000495910645,0.17080000042915344,0.22339999675750732,0.19830000400543213,0.3143516480922699,0.16446572901650677,-0.13343480229377747,-0.07450556010007858
-74.8195571202098,41.2068449766676,0.06885000318288803,0.08980000019073486,0.19629999995231628,0.26855000853538513,0.23045000433921814,0.17204999923706055,0.49881401658058167,0.34615312130303405,0.07635271549224854,0.21901953220367432
,,,,,,,,,,,
,,,,,,,,,,,
,,,,,,,,,,,
-93.50451502989584,31.11651854779508,0.023900000378489494,0.02410000003874302,0.1762000024318695,0.21359999477863312,0.13420000672340393,0.06239999830722809,0.7972233891487122,0.401840612405246,0.2282920926809311,0.5478261113166809
,,,,,,,,,,,
,,,,,,,,,,,
,,,,,,,,,,,
,,,,,,,,,,,
-89.04213385603212,31.722881364575752,0.023499999195337296,0.027000000700354576,0.1715666651725769,0.2337000072002411,0.12530000507831573,0.05689999833703041,0.7928653359413147,0.42375661885319493,0.3019498586654663,0.6083964109420776
-81.16615460251423,28.679838339620876,0.027499999850988388,0.02174999937415123,0.008999999612569809,0.016300000250339508,0.02199999988079071,0.012900000438094139,-0.1432325690984726,-0.014486202587964781,-0.1488250494003296,0.11643834412097931
,,,,,,,,,,,
,,,,,,,,,,,
,,,,,,,,,,,
-108.88142690581176,34.2628678304237,0.10732727497816086,0.17305000126361847,0.2319333404302597,0.24808570742607117,0.366433322429657,0.2997500002384186,0.17817464470863342,0.1266270559167316,-0.1925857663154602,-0.09430617839097977
-92.29628097275508,29.944217102019103,0.07154999673366547,0.09300000220537186,0.16224999725818634,0.18569999933242798,0.19454999268054962,0.11550000309944153,0.3326157033443451,0.1919930291837395,-0.023274144157767296,0.23306772112846375
-97.76028368841207,27.85787985465151,0.09094999730587006,0.12020000070333481,0.15995000302791595,0.18569999933242798,0.39149999618530273,0.35589998960494995,0.2141222506761551,0.1336980207762898,-0.35654884576797485,-0.3142540454864502
,,,,,,,,,,,
,,,,,,,,,,,
,,,,,,,,,,,
,,,,,,,,,,,
,,,,,,,,,,,
,,,,,,,,,,,
,,,,,,,,,,,
,,,,,,,,,,,
,,,,,,,,,,,
,,,,,,,,,,,
,,,,,,,,,,,
,,,,,,,,,,,
,,,,,,,,,,,
,,,,,,,,,,,
-120.0834184987822,34.988257422350216,0.041999999433755875,0.0731000006198883,0.19030000269412994,0.2295999974012375,0.20630000531673431,0.12475000321865082,0.5170135498046875,0.28912946379064436,0.05345260724425316,0.2958938777446747
,,,,,,,,,,,
,,,,,,,,,,,
,,,,,,,,,,,
,,,,,,,,,,,
,,,,,,,,,,,
,,,,,,,,,,,
,,,,,,,,,,,
,,,,,,,,,,,
,,,,,,,,,,,
,,,,,,,,,,,
-124.13931200658185,48.20472103995868,0.022600000724196434,0.01889999955892563,0.30320000648498535,0.3707999885082245,0.13130000233650208,0.05469999834895134,0.9030023217201233,0.6691640567951499,0.47699660062789917,0.7428907155990601
,,,,,,,,,,,
,,,,,,,,,,,
,,,,,,,,,,,
,,,,,,,,,,,
-68.27533027539909,46.2800805437326,0.10970000177621841,0.15569999814033508,0.2488500028848648,0.3158999979496002,0.1777999997138977,0.12200000137090683,0.33969464898109436,0.28058990924946287,0.2797245383262634,0.44279515743255615
,,,,,,,,,,,
-123.50824551948789,43.22580857772623,0.02539999969303608,0.03180000185966492,0.2526000142097473,0.32280001044273376,0.17980000376701355,0.08370000123977661,0.8206429481506348,0.5498450671262577,0.2845205068588257,0.5881918668746948
,,,,,,,,,,,
-87.78224667005449,31.43092889723691,0.0414000004529953,0.06599999964237213,0.18719999492168427,0.2312999963760376,0.24969999492168427,0.13840000331401825,0.5560040473937988,0.3138289753273807,-0.03825363516807556,0.25128480792045593
,,,,,,,,,,,
,,,,,,,,,,,
-99.52996479812754,29.66124778752145,0.08269999921321869,0.12809999287128448,0.21860000491142273,0.2639999985694885,0.3817000091075897,0.2777999937534332,0.34659528732299805,0.24055653588649645,-0.18228280544281006,-0.025470644235610962
-117.2582169302263,39.31364551538571,0.11299999803304672,0.16660000383853912,0.20679999887943268,0.22259999811649323,0.3140000104904175,0.28630000352859497,0.14388488233089447,0.10184038847663329,-0.17033173143863678,-0.1251719444990158
,,,,,,,,,,,
,,,,,,,,,,,
,,,,,,,,,,,
-117.0291465327758,35.5833912980794,0.14399999380111694,0.25913333892822266,0.29760000109672546,0.3201333284378052,0.35929998755455017,0.305400013923645,0.10530553758144379,0.08496135458390255,-0.057646069675683975,0.02355320379137993
,,,,,,,,,,,
-120.88291910164855,35.86186903615645,0.0832500010728836,0.18379999697208405,0.22769999504089355,0.2630000114440918,0.3932666778564453,0.24169999361038208,0.17726054787635803,0.11370000882000203,-0.19849653542041779,0.042203325778245926
,,,,,,,,,,,
,,,,,,,,,,,
,,,,,,,,,,,
,,,,,,,,,,,
-120.46744828274328,40.55556639568095,0.06340000033378601,0.11554999649524689,0.15109999477863312,0.17235000431537628,0.21985000371932983,0.17249999940395355,0.19729074835777283,0.10214726577221181,-0.1211116760969162,-0.0004349574737716466
,,,,,,,,,,,
,,,,,,,,,,,
,,,,,,,,,,,
,,,,,,,,,,,
,,,,,,,,,,,
,,,,,,,,,,,
-81.32560556544543,37.12624779855467,0.02969999983906746,0.041600000113248825,0.15880000591278076,0.17949999868869781,0.17260000109672546,0.09870000183582306,0.6236996650695801,0.28577941416193187,0.019596697762608528,0.29043853282928467
,,,,,,,,,,,
,,,,,,,,,,,
-78.84400959306525,36.44352818262384,0.025200000032782555,0.041200000792741776,0.20270000398159027,0.2662999927997589,0.18250000476837158,0.07859999686479568,0.7320325374603271,0.42487729796928514,0.1867201179265976,0.544215738773346
,,,,,,,,,,,
,,,,,,,,,,,
,,,,,,,,,,,
-90.46820936957188,30.56854622448217,0.04560000076889992,0.05874999985098839,0.1894499957561493,0.2985999882221222,0.18629999458789825,0.09629999846220016,0.6711906790733337,0.4580436783848163,0.23159414529800415,0.512281596660614
-120.36414202506954,44.29704955403876,0.022966666147112846,0.02956666611135006,0.14180000126361847,0.16500000655651093,0.07980000227689743,0.048250000923871994,0.6960767507553101,0.2893503816197594,0.3480392098426819,0.547479510307312
-85.57239107112048,31.190629558734937,0.0771000012755394,0.13860000669956207,0.2906999886035919,0.33719998598098755,0.3765000104904175,0.28139999508857727,0.4174022376537323,0.3121561365679066,-0.05506518855690956,0.0902036726474762
,,,,,,,,,,,
-98.0971519199569,29.3827700494444,0.061650000512599945,0.09740000218153,0.2387000024318695,0.28165000677108765,0.3222000002861023,0.22949999570846558,0.48608362674713135,0.3281564509008257,-0.06715242564678192,0.1020248681306839
-93.0126874118404,48.321502026894215,0.02239999920129776,0.03180000185966492,0.13349999487400055,0.1485999971628189,0.12349999696016312,0.07029999792575836,0.6474500894546509,0.24927435947626847,0.09224550426006317,0.35769757628440857
,,,,,,,,,,,
-114.71598467616803,33.11976163138161,0.12520000338554382,0.21619999408721924,0.26303333044052124,0.25839999318122864,0.3208500146865845,0.29946666955947876,0.08891697973012924,0.06526042444161086,-0.10781186074018478,-0.07361378520727158
,,,,,,,,,,,
,,,,,,,,,,,
-112.29053340904534,31.72512715278605,0.10927999764680862,0.2506333291530609,0.3125799894332886,0.33160001039505005,0.40137141942977905,0.3766250014305115,0.13906225562095642,0.10041507233232869,-0.09518980979919434,-0.06357441842556
,,,,,,,,,,,
,,,,,,,,,,,
,,,,,,,,,,,
,,,,,,,,,,,
-117.52321993904155,43.94446080502185,0.10010000318288803,0.17479999363422394,0.22235000133514404,0.2451000064611435,0.32934999465942383,0.2624500095844269,0.16742084920406342,0.11389044383254819,-0.14666199684143066,-0.03418383002281189
-77.76827704033212,40.24115604623912,0.02759999968111515,0.03700000047683716,0.17640000581741333,0.20329999923706055,0.17589999735355377,0.1006999984383583,0.6920515894889832,0.3412542028797691,0.0722573921084404,0.3375000059604645
-87.85411189278406,32.44377938008167,0.03514999896287918,0.03880000114440918,0.20544999837875366,0.2407499998807907,0.18490000069141388,0.08834999799728394,0.722411036491394,0.417277922829696,0.1312110871076584,0.46308115124702454
,,,,,,,,,,,
,,,,,,,,,,,
,,,,,,,,,,,
,,,,,,,,,,,
-77.92099063863245,39.8930588736428,0.04270000010728836,0.05660000070929527,0.2378000020980835,0.3262999951839447,0.2176000028848648,0.1264999955892563,0.7043614387512207,0.5010589580281218,0.19985289871692657,0.4412544369697571
,,,,,,,,,,,
-83.38274756607913,31.462369932181097,0.06239999830722809,0.10909999907016754,0.2944999933242798,0.3435499966144562,0.325300008058548,0.20350000262260437,0.5179498791694641,0.38305067635948337,0.02728562243282795,0.2560094892978668
,,,,,,,,,,,
,,,,,,,,,,,
-83.8453799374007,32.365176792721215,0.023125000298023224,0.0225600004196167,0.1882999986410141,0.23944999277591705,0.1444000005722046,0.06419999897480011,0.8277928233146667,0.4513379355892855,0.2476227581501007,0.5771447420120239
,,,,,,,,,,,
-68.90639676249305,45.655751421269535,0.048700001090765,0.08919999748468399,0.3050999939441681,0.3313499987125397,0.19265000522136688,0.097850002348423,0.5757936239242554,0.40323387262579163,0.2646946310997009,0.5440353751182556
,,,,,,,,,,,
,,,,,,,,,,,
-98.38910438729576,48.82680437421144,0.0783500000834465,0.13079999387264252,0.23759999871253967,0.28075000643730164,0.2300499975681305,0.16464999318122864,0.36435431241989136,0.25364956899895785,0.09925608336925507,0.26066461205482483
,,,,,,,,,,,
-119.3108673544394,37.71464430965296,0.22339999675750732,0.27619999647140503,0.28049999475479126,0.31700000166893005,0.24480000138282776,0.21559999883174896,0.06877951323986053,0.0785400882540688,0.12851548194885254,0.1903867870569229
-82.05324094558225,27.95894032411496,0.0726500004529953,0.0963333323597908,0.3246749937534332,0.3837999999523163,0.3154500126838684,0.19973333179950714,0.5987225770950317,0.5072016328961609,0.0977475643157959,0.3154347240924835
,,,,,,,,,,,
,,,,,,,,,,,
-118.54954515114812,35.10728419749605,0.05463999882340431,0.10620000213384628,0.21017499268054962,0.21437500417232513,0.305649995803833,0.2092999964952469,0.337440550327301,0.18757261032882944,-0.1755203902721405,0.011978539638221264
-121.83064172639466,37.62256699303071,0.0831499993801117,0.18926666676998138,0.257874995470047,0.3109999895095825,0.3780750036239624,0.2560499906539917,0.24333687126636505,0.16694321519531238,-0.0973406583070755,0.09690503776073456
,,,,,,,,,,,
,,,,,,,,,,,
,,,,,,,,,,,
,,,,,,,,,,,
-73.14869069174749,41.566171090315414,0.03139999881386757,0.043049998581409454,0.12399999797344208,0.14444999396800995,0.1703999936580658,0.0997999981045723,0.5407999753952026,0.21717711689271169,-0.08242020010948181,0.18280449509620667
,,,,,,,,,,,
-78.08044160156366,36.03030315192886,0.02175999991595745,0.02280000038444996,0.16820000112056732,0.2243500053882599,0.1071857139468193,0.04780000075697899,0.8154966831207275,0.4206143904234674,0.35339871048927307,0.6487231254577637
,,,,,,,,,,,
,,,,,,,,,,,
,,,,,,,,,,,
-98.19821238942036,30.182270652310773,0.06560000032186508,0.0989999994635582,0.20239999890327454,0.2655999958515167,0.25040000677108765,0.15469999611377716,0.45693910121917725,0.3045481090587296,0.029457343742251396,0.2638591527938843
,,,,,,,,,,,
-119.8633312541729,40.746458393556345,0.07985000312328339,0.1544909030199051,0.1935500055551529,0.21273332834243774,0.23559999465942383,0.1842166632413864,0.1586018055677414,0.0945000723514037,-0.05100371688604355,0.07183943688869476
-85.61056947069555,30.869481844662207,0.019899999722838402,0.02085000090301037,0.18535000085830688,0.24779999256134033,0.10315000265836716,0.04280000180006027,0.8447794318199158,0.46367423619407405,0.412166953086853,0.7054370045661926
,,,,,,,,,,,
,,,,,,,,,,,
-117.76801085396411,36.207720420542465,0.09889999777078629,0.13940000534057617,0.20990000665187836,0.23000000417232513,0.26179999113082886,0.20374999940395355,0.24526257812976837,0.17098855397887214,-0.06466040760278702,0.060518741607666016
,,,,,,,,,,,
,,,,,,,,,,,
-106.7546654706588,31.884578115717268,0.1656000018119812,0.31450000405311584,0.34769999980926514,0.373199999332428,0.45080000162124634,0.4156999886035919,0.08535698056221008,0.0727133026789677,-0.09417475759983063,-0.05387246608734131
,,,,,,,,,,,
,,,,,,,,,,,
,,,,,,,,,,,
-73.83141030767833,40.90815514469786,0.0528833344578743,0.061400000005960464,0.1124500036239624,0.10159999877214432,0.1421249955892563,0.1324000060558319,0.24662576615810394,0.09362990363736359,-0.16627345979213715,-0.13162395358085632
,,,,,,,,,,,
,,,,,,,,,,,
,,,,,,,,,,,
,,,,,,,,,,,
,,,,,,,,,,,
-82.92685255938848,33.91477065782739,0.03830000013113022,0.04464999958872795,0.16985000669956207,0.21815000474452972,0.17065000534057617,0.08905000239610672,0.6601978540420532,0.3618201638484474,0.12217077612876892,0.4202474057674408
-109.32833875966122,32.31801524030494,0.11053333431482315,0.19689999520778656,0.25485000014305115,0.2905600070953369,0.3528166711330414,0.2921999990940094,0.19213886559009552,0.1425171847486237,-0.09676549583673477,-0.0028141806833446026
-97.50650962064832,47.32661784973184,0.07275713980197906,0.11903999745845795,0.1764499992132187,0.2037000060081482,0.2700166702270508,0.22737500071525574,0.26231643557548523,0.1542344737371002,-0.13999225199222565,-0.054920826107263565
,,,,,,,,,,,
,,,,,,,,,,,
,,,,,,,,,,,
-83.34232337829376,31.253511628623304,0.03189999982714653,0.05050000175833702,0.1408499926328659,0.17100000381469727,0.2186499983072281,0.125450000166893,0.544018030166626,0.24397651453326993,-0.12228921800851822,0.15365155041217804
-88.26059955884814,32.09343641927506,0.04340000078082085,0.0560000017285347,0.1670999974012375,0.195700004696846,0.17710000276565552,0.10119999945163727,0.5550258159637451,0.28954568459087465,0.04989270865917206,0.31828901171684265
-116.1420601897078,34.73672914279675,0.14429999887943268,0.24943333864212036,0.2799749970436096,0.2934750020503998,0.31322500109672546,0.2765499949455261,0.08112172782421112,0.06447039702143087,-0.03255315497517586,0.02969169244170189
-111.02166307022652,35.47559346398506,0.1632000058889389,0.2786000072956085,0.30559998750686646,0.3163999915122986,0.32359999418258667,0.3124000132083893,0.06352938711643219,0.05357140647250439,-0.011250004172325134,0.006361288484185934
,,,,,,,,,,,
-109.23401565482868,32.2012342533694,0.10769999772310257,0.19110000133514404,0.24985000491142273,0.2648000121116638,0.3171499967575073,0.268449991941452,0.16165827214717865,0.11489416186033223,-0.08995615690946579,-0.006844781804829836
-99.16614710805914,29.501796824590237,0.04774999991059303,0.0706000030040741,0.19380000233650208,0.23759999871253967,0.23100000619888306,0.14319999516010284,0.5418559312820435,0.3203959739031593,0.014084490947425365,0.24789917469024658
-76.56004298319137,35.592374450920595,0.05649999901652336,0.08079999685287476,0.21780000627040863,0.2685999870300293,0.2676999866962433,0.18940000236034393,0.5374928712844849,0.35310042799654123,0.0016781658632680774,0.17292574048042297
-85.35230382651119,30.24515272219914,0.04839999973773956,0.07150000333786011,0.1387999951839447,0.17219999432563782,0.21369999647140503,0.13330000638961792,0.41321292519569397,0.20331931364183778,-0.10754082351922989,0.1273321956396103
,,,,,,,,,,,
,,,,,,,,,,,
,,,,,,,,,,,
,,,,,,,,,,,
,,,,,,,,,,,
,,,,,,,,,,,
-75.83240760305456,41.292184928658955,0.03539999946951866,0.040300000458955765,0.16060000658035278,0.17749999463558197,0.155799999833107,0.09870000183582306,0.6299356818199158,0.2972785448387158,0.06510649621486664,0.28530049324035645
-84.46746327165346,31.4444036264987,0.03907499834895134,0.053199999034404755,0.24025000631809235,0.31380000710487366,0.23759999871253967,0.13644999265670776,0.7100817561149597,0.48621671795724747,0.13819369673728943,0.3938923180103302
,,,,,,,,,,,
-69.08605981931696,46.2845721201532,0.023099999874830246,0.023800000548362732,0.14640000462532043,0.19189999997615814,0.07029999792575836,0.03610000014305115,0.7793231010437012,0.36183218997627553,0.4637681245803833,0.6833333373069763
-120.79084178502632,44.38014371781981,0.07596923410892487,0.12624000012874603,0.1767333298921585,0.20080000162124634,0.2647800147533417,0.211899995803833,0.22798435389995575,0.13424841984666355,-0.13742001354694366,-0.02689603716135025
,,,,,,,,,,,
,,,,,,,,,,,
,,,,,,,,,,,
,,,,,,,,,,,
,,,,,,,,,,,
,,,,,,,,,,,
,,,,,,,,,,,
,,,,,,,,,,,
,,,,,,,,,,,
,,,,,,,,,,,
,,,,,,,,,,,
,,,,,,,,,,,
,,,,,,,,,,,
,,,,,,,,,,,
,,,,,,,,,,,
,,,,,,,,,,,
-100.3362027656248,28.581023658367727,0.06870000064373016,0.09870000183582306,0.20424999296665192,0.22779999673366547,0.30649998784065247,0.22910000383853912,0.3954057991504669,0.2473653853398305,-0.1472955197095871,-0.002845277078449726
-118.65060562061156,37.03641627014272,0.08265714347362518,0.08967142552137375,0.26003333926200867,0.3312000036239624,0.16930000483989716,0.1383499950170517,0.5738773345947266,0.4833278272510133,0.32347652316093445,0.4107123911380768
,,,,,,,,,,,
,,,,,,,,,,,
,,,,,,,,,,,
,,,,,,,,,,,
,,,,,,,,,,,
,,,,,,,,,,,
,,,,,,,,,,,
-81.18861248461721,36.1425925624438,0.14030000567436218,0.16419999301433563,0.17235000431537628,0.18596667051315308,0.29614999890327454,0.32710000872612,0.062160905450582504,0.04863337841792233,-0.2285407930612564,-0.2750779688358307
-119.83862758385962,38.9520736135276,0.08029677718877792,0.12293846160173416,0.17375293374061584,0.20061999559402466,0.27892500162124634,0.2353699952363968,0.24008500576019287,0.145359438814229,-0.16329021751880646,-0.0797036662697792
-81.09428937978466,32.12038587779864,0.041850000619888306,0.05364999920129776,0.10615000128746033,0.12559999525547028,0.13644999265670776,0.0892999991774559,0.40139469504356384,0.15867239376896491,-0.041404303163290024,0.1689157634973526
,,,,,,,,,,,
,,,,,,,,,,,
-117.10325754371569,40.708279993981265,0.10212499648332596,0.15325714647769928,0.18970000743865967,0.20810000598430634,0.257099986076355,0.20845000445842743,0.15176913142204285,0.10068781957994787,-0.10533099621534348,-0.000840231601614505
,,,,,,,,,,,
,,,,,,,,,,,
,,,,,,,,,,,
,,,,,,,,,,,
,,,,,,,,,,,
-99.8084425362046,30.052014936113444,0.12620000541210175,0.1793999969959259,0.24005000293254852,0.29864999651908875,0.38484999537467957,0.28540000319480896,0.2494508922100067,0.20869063859632903,-0.1261155754327774,0.02268640324473381
,,,,,,,,,,,
,,,,,,,,,,,
-94.62965492325554,30.54833413058948,0.025200000032782555,0.025100000202655792,0.19920000433921814,0.27000001072883606,0.1316000074148178,0.059700001031160355,0.8298881649971008,0.49711758728460614,0.3446215093135834,0.6378526091575623
,,,,,,,,,,,
,,,,,,,,,,,
-121.41517090748938,40.06373877762551,0.42640000581741333,0.4311999976634979,0.2831000089645386,0.384799987077713,0.13930000364780426,0.1363999992609024,-0.056862760335206985,-0.1498708488903524,0.4684220254421234,0.476592481136322
-71.16116812563305,43.77378090103913,0.21899999678134918,0.2569499909877777,0.3032666742801666,0.28733333945274353,0.30320000648498535,0.2808000147342682,0.055822670459747314,0.06401705755162333,-0.026868367567658424,0.011499632149934769
,,,,,,,,,,,
-82.79884263140146,33.054633773282944,0.02905000001192093,0.04179999977350235,0.1684499979019165,0.2037999927997589,0.17454999685287476,0.1099499985575676,0.6596091389656067,0.3274778025817195,0.07730936259031296,0.29912349581718445
,,,,,,,,,,,
,,,,,,,,,,,
,,,,,,,,,,,
,,,,,,,,,,,
,,,,,,,,,,,
,,,,,,,,,,,
,,,,,,,,,,,
-121.84860803207704,48.51688560119021,0.02160000056028366,0.024900000542402267,0.2824000120162964,0.40799999237060547,0.14429999887943268,0.06459999829530716,0.8849619030952454,0.6863623229593752,0.4774579107761383,0.7266187071800232
,,,,,,,,,,,
-95.65148855894152,48.52586875403141,0.04125000163912773,0.057874999940395355,0.2345999926328659,0.2597000002861023,0.17688749730587006,0.08744999766349792,0.6355191469192505,0.3888503598423179,0.18968133628368378,0.49618321657180786
,,,,,,,,,,,
-103.83738658548064,30.766175586988464,0.0738999992609024,0.13760000467300415,0.18250000476837158,0.20960000157356262,0.25429999828338623,0.22529999911785126,0.2073732614517212,0.12154359565046288,-0.09635696560144424,-0.036100246012210846
,,,,,,,,,,,
,,,,,,,,,,,
-82.27332819019153,31.95419755023653,0.03370000049471855,0.05127499997615814,0.2024500072002411,0.2579500079154968,0.2328999936580658,0.12655000388622284,0.6683644652366638,0.39356173077630857,0.051033951342105865,0.34174251556396484
-100.38785589446168,31.201858499786432,0.06369999796152115,0.09605000168085098,0.19494999945163727,0.21860000491142273,0.27630001306533813,0.21160000562667847,0.3894803822040558,0.23260448774397338,-0.11658922582864761,0.016271499916911125
,,,,,,,,,,,
,,,,,,,,,,,
,,,,,,,,,,,
-85.38599064966567,38.774656344914,0.12162499874830246,0.1437000036239624,0.20016667246818542,0.16769999265670776,0.2391500025987625,0.19095000624656677,0.07707125693559647,0.053681041685484696,-0.17561757564544678,-0.06482647359371185
-115.97811765035598,47.243523685950784,0.04089999943971634,0.05525000020861626,0.26170000433921814,0.3068000078201294,0.21154999732971191,0.11029999703168869,0.6947935223579407,0.47228794469577123,0.18375617265701294,0.471110075712204
-76.15804689354789,43.59187205600493,0.040699999779462814,0.0414000004529953,0.18160000443458557,0.2272000014781952,0.1324000060558319,0.0737999975681305,0.6917349100112915,0.3968898194908502,0.26362624764442444,0.5096345543861389
,,,,,,,,,,,
,,,,,,,,,,,
,,,,,,,,,,,
-118.76963239575738,35.37228720631131,0.1273999959230423,0.3000999987125397,0.3405500054359436,0.39899998903274536,0.4679499864578247,0.3016333281993866,0.14146758615970612,0.11017778819617348,-0.07953169196844101,0.13896949589252472
-81.69391483193444,37.89655315468717,0.05505000054836273,0.09664999693632126,0.13455000519752502,0.17675000429153442,0.2895500063896179,0.21295000612735748,0.29297736287117004,0.14902049904239295,-0.2419043481349945,-0.09289196878671646
,,,,,,,,,,,
-123.60481441253071,44.39361844708161,0.023000000044703484,0.021400000900030136,0.16949999332427979,0.22380000352859497,0.1509999930858612,0.0794999971985817,0.8254486322402954,0.428922609888502,0.19423694908618927,0.4757665991783142
-83.4635959416499,38.90940363753192,0.035599999129772186,0.04800000041723251,0.1867000013589859,0.23499999940395355,0.21250000596046448,0.11640000343322754,0.6607773900032043,0.3722133712798835,0.05027931556105614,0.33750709891319275
-123.20281832288724,44.5822646567467,0.0430000014603138,0.09835000336170197,0.21899999678134918,0.28565001487731934,0.1599999964237213,0.10875000059604645,0.48776042461395264,0.3014646847096078,0.2819477617740631,0.4485294222831726
,,,,,,,,,,,
,,,,,,,,,,,
,,,,,,,,,,,
-121.62402921104716,45.9005423361921,0.021150000393390656,0.01915000006556511,0.22994999587535858,0.31725001335144043,0.08344999700784683,0.03480000048875809,0.8861474394798279,0.5851868058325884,0.5834789276123047,0.8023008108139038
-82.67757006804531,39.08457511793523,0.03280000016093254,0.03460000082850456,0.20170000195503235,0.28060001134872437,0.1404999941587448,0.07069999724626541,0.7804568409919739,0.49508937274060844,0.33270010352134705,0.5974950194358826
,,,,,,,,,,,
,,,,,,,,,,,
-115.03488660203048,34.0854505618101,0.22499999403953552,0.4163999855518341,0.45739999413490295,0.4796000123023987,0.5687999725341797,0.5512999892234802,0.07053574174642563,0.06898060201876029,-0.08508199453353882,-0.06955085694789886
-80.68555592551027,38.24914190370408,0.03359999880194664,0.041099999099969864,0.17010000348091125,0.20350000262260437,0.2046000063419342,0.10300000011920929,0.6639411449432373,0.33886988290037706,-0.0026954268105328083,0.3278956115245819
,,,,,,,,,,,
-77.0630995422983,42.62169154915585,0.041999999433755875,0.06520000100135803,0.2572000026702881,0.31679999828338623,0.23819999396800995,0.1354999989271164,0.6586387157440186,0.451543423797292,0.1416216343641281,0.400840163230896
-81.97463835822178,33.30391626462611,0.02645000070333481,0.02370000071823597,0.18140000104904175,0.2313999980688095,0.11635000258684158,0.05204999819397926,0.8141905069351196,0.4418302832702857,0.3308410942554474,0.6327394843101501
,,,,,,,,,,,
,,,,,,,,,,,
,,,,,,,,,,,
-78.63515128950746,34.17079051380145,0.020600000396370888,0.02370000071823597,0.16279999911785126,0.2282000035047531,0.1128000020980835,0.05620000138878822,0.8118301033973694,0.42047043747893137,0.3384164273738861,0.604781985282898
,,,,,,,,,,,
,,,,,,,,,,,
,,,,,,,,,,,
,,,,,,,,,,,
,,,,,,,,,,,
,,,,,,,,,,,
,,,,,,,,,,,
,,,,,,,,,,,
,,,,,,,,,,,
-119.84087337206992,47.63204504633248,0.0876300036907196,0.1501999944448471,0.19692499935626984,0.21607999503612518,0.2856999933719635,0.23190000653266907,0.17986240983009338,0.11280397582314286,-0.13874606788158417,-0.03531410172581673
,,,,,,,,,,,
-98.34643441130008,28.962807654118524,0.0471000000834465,0.06350000202655792,0.17315000295639038,0.20864999294281006,0.2383500039577484,0.1506499946117401,0.5333455801010132,0.29349318665226803,-0.06644298136234283,0.16142499446868896
,,,,,,,,,,,
,,,,,,,,,,,
,,,,,,,,,,,
,,,,,,,,,,,
,,,,,,,,,,,
,,,,,,,,,,,
-82.82803787813533,30.330492674190495,0.049400001764297485,0.07760000228881836,0.20010000467300415,0.25040000677108765,0.32350000739097595,0.1882999986410141,0.5268292427062988,0.32107024070674495,-0.1273740977048874,0.14155460894107819
-121.5678845057897,36.528868134615195,0.03974999859929085,0.09269999712705612,0.19429999589920044,0.24959999322891235,0.24639999866485596,0.16419999301433563,0.4583698511123657,0.2601687988245559,0.006451602093875408,0.20637990534305573
,,,,,,,,,,,
-110.1323309389482,35.15669153812262,0.1046999990940094,0.1940000057220459,0.24695000052452087,0.2540000081062317,0.35644999146461487,0.33219999074935913,0.1339285671710968,0.091869546126113,-0.16782698035240173,-0.1334015429019928
-120.0676979813101,37.51252337072607,0.03319999948143959,0.05465000122785568,0.1782083362340927,0.21453332901000977,0.19814999401569366,0.12497500330209732,0.5939570069313049,0.30902892867527004,0.039699532091617584,0.2637883126735687
,,,,,,,,,,,
,,,,,,,,,,,
-118.83925183027664,48.898669596941005,0.045099999755620956,0.05914999917149544,0.23019999265670776,0.326200008392334,0.1881999969482422,0.10369999706745148,0.6930063962936401,0.4971702129350931,0.2682737410068512,0.5175622701644897
,,,,,,,,,,,
,,,,,,,,,,,
-91.03863957498776,29.787011927298185,0.026000000536441803,0.030950000509619713,0.17035000026226044,0.2065500020980835,0.14190000295639038,0.065700002014637,0.7393684387207031,0.3666736300320784,0.18553593754768372,0.5173553824424744
-81.1863666964069,39.724624757870394,0.03564999997615814,0.052549999207258224,0.16979999840259552,0.22975000739097595,0.194350004196167,0.11474999785423279,0.6277010440826416,0.3467235560559949,0.0834708884358406,0.33381715416908264
,,,,,,,,,,,
-100.48667057571484,28.682084127831175,0.12764999270439148,0.19927500188350677,0.2928999960422516,0.3214666545391083,0.35626667737960815,0.2950499951839447,0.23464927077293396,0.19585238223279192,-0.05134766176342964,0.04284824803471565
,,,,,,,,,,,
,,,,,,,,,,,
-96.25335979930158,30.759438222357566,0.027499999850988388,0.03099999949336052,0.16329999268054962,0.21960000693798065,0.16699999570846558,0.08020000159740448,0.7525937557220459,0.3931296257470446,0.13605797290802002,0.4649766683578491
-118.26882162486076,40.77116206386963,0.09510000050067902,0.18019999563694,0.22214999794960022,0.25029999017715454,0.30035001039505005,0.22865000367164612,0.16283391416072845,0.10829599298994848,-0.09089262038469315,0.04520301893353462
,,,,,,,,,,,
,,,,,,,,,,,
,,,,,,,,,,,
,,,,,,,,,,,
,,,,,,,,,,,
-101.2974001196327,30.83354923329743,0.10199999809265137,0.16099999845027924,0.2502000033855438,0.27549999952316284,0.3765999972820282,0.3167000114917755,0.2623138725757599,0.19387064124888867,-0.15503756701946259,-0.0695711076259613
,,,,,,,,,,,
,,,,,,,,,,,
-123.13993625299888,45.07409227480214,0.0723000019788742,0.12302856892347336,0.20483332872390747,0.22750000655651093,0.20880000293254852,0.16852499544620514,0.2980397045612335,0.18348648764043216,0.042860426008701324,0.14891739189624786
,,,,,,,,,,,
-81.89828155907163,32.33148996956673,0.07930000126361847,0.1251000016927719,0.2039666622877121,0.24959999322891235,0.32284998893737793,0.2364249974489212,0.33226579427719116,0.22145930498373576,-0.1279587745666504,0.02710765041410923
,,,,,,,,,,,
,,,,,,,,,,,
-122.18772205183215,43.18089281352025,0.032499998807907104,0.041999999433755875,0.12409999966621399,0.1517000049352646,0.06970000267028809,0.04170000180602074,0.5663397312164307,0.23643261457503637,0.37037035822868347,0.5687693953514099
-113.8872888265678,34.11240002033368,0.1223333328962326,0.18084999918937683,0.19599999487400055,0.20800000429153442,0.27994999289512634,0.2641400098800659,0.06982128322124481,0.049342114438697085,-0.14745360612869263,-0.11890541762113571
-82.01057096958657,37.13073937497527,0.03139999881386757,0.04560000076889992,0.1509000062942505,0.24079999327659607,0.1932000070810318,0.09059999883174896,0.681564211845398,0.38157790185304324,0.10967738926410675,0.4532287120819092
,,,,,,,,,,,
,,,,,,,,,,,
-109.52596812216753,34.253884677582505,0.07900000363588333,0.1273999959230423,0.1762000024318695,0.19300000369548798,0.2298000007867813,0.17560000717639923,0.2047441005706787,0.1201553411992249,-0.08703877776861191,0.04720563068985939
,,,,,,,,,,,
-73.74831614389727,41.083326625101165,0.015324999578297138,0.009228571318089962,0.009200000204145908,0.008223077282309532,0.010339999571442604,0.008100000210106373,-0.057615991681814194,-0.0026497828691674583,-0.11403940618038177,0.0075400653295218945
,,,,,,,,,,,
,,,,,,,,,,,
-85.74980833973407,32.96704803308129,0.0414000004529953,0.06669999659061432,0.18584999442100525,0.24040000140666962,0.25995001196861267,0.14959999918937683,0.5656138062477112,0.3264792266511188,-0.0390726700425148,0.2328205108642578
,,,,,,,,,,,
,,,,,,,,,,,
,,,,,,,,,,,
,,,,,,,,,,,
,,,,,,,,,,,
-88.40657579251756,34.28307992431639,0.02370000071823597,0.03139999881386757,0.14010000228881836,0.14149999618530273,0.17749999463558197,0.09679999947547913,0.6367842555046082,0.23890118242159433,-0.11285266280174255,0.18757867813110352
,,,,,,,,,,,
-77.12598161218668,39.47758805473752,0.03773749992251396,0.04223333299160004,0.17630000412464142,0.19339999556541443,0.16099999845027924,0.09839999675750732,0.6415334343910217,0.32473518330142526,0.09142211824655533,0.3255654573440552
,,,,,,,,,,,
,,,,,,,,,,,
,,,,,,,,,,,
,,,,,,,,,,,
,,,,,,,,,,,
,,,,,,,,,,,
,,,,,,,,,,,
-110.17050933852327,32.19000531231791,0.09480000287294388,0.16040000319480896,0.2240999937057495,0.23479999601840973,0.3246000111103058,0.25999999046325684,0.188259094953537,0.12515138127771608,-0.16052916646003723,-0.050929658114910126
-119.57811615146495,39.82119365091324,0.08781749755144119,0.16192631423473358,0.2097875028848648,0.2254333347082138,0.23003333806991577,0.18219999969005585,0.16394846141338348,0.10320572061971661,-0.01009953860193491,0.10605937242507935
,,,,,,,,,,,
,,,,,,,,,,,
,,,,,,,,,,,
-79.24151410628815,37.090315187189894,0.04755000025033951,0.08399999886751175,0.2570500075817108,0.3234499990940094,0.30660000443458557,0.18735000491142273,0.5876794457435608,0.4069994761203236,0.026743900030851364,0.26644477248191833
,,,,,,,,,,,
,,,,,,,,,,,
,,,,,,,,,,,
-121.69814022198705,47.35132152004513,0.019700000062584877,0.018200000748038292,0.2619999945163727,0.3176000118255615,0.1251000016927719,0.050200000405311584,0.8916021585464478,0.5851999674927978,0.43483173847198486,0.72702556848526
-78.79909382885928,36.03254894013916,0.024399999529123306,0.024949999526143074,0.18584999442100525,0.2563000023365021,0.1555500030517578,0.07569999992847443,0.8225777745246887,0.47291496778034353,0.24462789297103882,0.5439758896827698
-121.03563269994888,44.53285731612013,0.09220000356435776,0.15189999341964722,0.18050000071525574,0.2078000009059906,0.23100000619888306,0.20935000479221344,0.15540730953216553,0.0978847272596438,-0.05287148058414459,-0.0037156990729272366
,,,,,,,,,,,
,,,,,,,,,,,
-81.44687812880157,38.14134406960974,0.02759999968111515,0.03799999877810478,0.1589999943971634,0.2337999939918518,0.17839999496936798,0.08619999885559082,0.7203826308250427,0.3901020021558485,0.13440078496932983,0.4612500071525574
,,,,,,,,,,,
-96.4060733976019,29.580399411950697,0.05869999900460243,0.09109999984502792,0.260699987411499,0.31520000100135803,0.33469998836517334,0.2004999965429306,0.5515629053115845,0.3941120607227321,-0.03000459633767605,0.22241614758968353
,,,,,,,,,,,
,,,,,,,,,,,
-117.17736855465554,47.16267531038003,0.07079999893903732,0.13089999556541443,0.23385000228881836,0.2678999900817871,0.29170000553131104,0.2545500099658966,0.3435305953025818,0.22498849945379823,-0.04253040626645088,0.025552647188305855
,,,,,,,,,,,
,,,,,,,,,,,
-73.19585224416376,43.326869047189675,0.04857499897480011,0.05299999937415123,0.31825000047683716,0.38499999046325684,0.23280000686645508,0.12120000272989273,0.757990837097168,0.6200102572083329,0.2463580220937729,0.5211378931999207
,,,,,,,,,,,
-73.56865308707337,43.365047446764756,0.04520000144839287,0.07100000232458115,0.24549999833106995,0.3831999897956848,0.24130000174045563,0.13760000467300415,0.6873623728752136,0.5308801336263815,0.2272217571735382,0.4715821444988251
-80.83602373560029,40.79137415776233,0.06109999865293503,0.07150000333786011,0.2602500021457672,0.3228999972343445,0.2321999967098236,0.12835000455379486,0.6374239325523376,0.4858346318143183,0.1633939892053604,0.43113571405410767
-121.938439560489,37.33286031390217,0.06840000301599503,0.08739999681711197,0.10480000078678131,0.10040000081062317,0.11940000206232071,0.10660000145435333,0.0692225992679596,0.029231886292100252,-0.08644222468137741,-0.02995169349014759
-116.05447444950612,33.618326614067946,0.15940000116825104,0.2506999969482422,0.3084999918937683,0.30149999260902405,0.3617999851703644,0.3365499973297119,0.09199564903974533,0.07887218474112455,-0.09090908616781235,-0.054933007806539536
-117.68940826660366,39.28669605686213,0.0737999975681305,0.1136000007390976,0.18369999527931213,0.21160000562667847,0.18870000541210175,0.14790000021457672,0.3013530373573303,0.18287676871201572,0.05720709264278412,0.17719055712223053
,,,,,,,,,,,
-104.89739862074168,31.024441231172823,0.11410000175237656,0.2046000063419342,0.23569999635219574,0.24979999661445618,0.29269999265670776,0.24950000643730164,0.0994718074798584,0.06968209797522314,-0.07907833158969879,0.0006008215132169425
-114.19496181137872,35.45088979367177,0.06753333657979965,0.10506666451692581,0.2125999927520752,0.249549999833107,0.20522500574588776,0.15725000202655792,0.40743526816368103,0.2629934457971142,0.09746576845645905,0.22689281404018402
,,,,,,,,,,,
,,,,,,,,,,,
,,,,,,,,,,,
,,,,,,,,,,,
,,,,,,,,,,,
,,,,,,,,,,,
,,,,,,,,,,,
-109.29689772471704,32.52687354386273,0.11963333189487457,0.19156666100025177,0.22068999707698822,0.24744999408721924,0.2975749969482422,0.2712875008583069,0.12729205191135406,0.09316373394946,-0.09196826815605164,-0.0459529273211956
-116.84499189953132,33.86760910541111,0.05635000020265579,0.09327500313520432,0.18070000410079956,0.22572000324726105,0.2133333384990692,0.1550000011920929,0.4151946008205414,0.24297465431154783,0.028212210163474083,0.18575331568717957
-121.42639984854088,42.69131098367511,0.03687916696071625,0.05192499980330467,0.13005000352859497,0.13574999570846558,0.15189999341964722,0.09700000286102295,0.44664978981018066,0.1790051869434703,-0.05614461377263069,0.16648761928081512
-98.8562283350379,28.906662948861054,0.09070000052452087,0.22110000252723694,0.2957000136375427,0.3257000148296356,0.48500001430511475,0.4427500069141388,0.1912948191165924,0.13260314256761818,-0.196496844291687,-0.15231959521770477
,,,,,,,,,,,
,,,,,,,,,,,
,,,,,,,,,,,
-83.78474365572262,30.543842554168883,0.04414999857544899,0.0714000016450882,0.24390000104904175,0.2976999878883362,0.3003999888896942,0.15575000643730164,0.6131129860877991,0.40556279659775557,-0.004514297004789114,0.31304439902305603
,,,,,,,,,,,
,,,,,,,,,,,
,,,,,,,,,,,
,,,,,,,,,,,
,,,,,,,,,,,
,,,,,,,,,,,
-75.25074845658717,38.29854924433065,0.07615000009536743,0.12639999389648438,0.22529999911785126,0.27320000529289246,0.30254998803138733,0.20534999668598175,0.36736738681793213,0.25128813334234457,-0.0509769581258297,0.1417824923992157
,,,,,,,,,,,
,,,,,,,,,,,
-102.38211582520702,31.156942735580454,0.11789999902248383,0.22335000336170197,0.2660199999809265,0.311599999666214,0.39239999651908875,0.3407000005245209,0.16496868431568146,0.12482672062576766,-0.1147727221250534,-0.0446113757789135
,,,,,,,,,,,
,,,,,,,,,,,
-104.76265132812377,31.985638585180713,0.1022428572177887,0.1287333369255066,0.2571749985218048,0.3098500072956085,0.3209249973297119,0.21619999408721924,0.41295838356018066,0.34421607985661573,-0.017557749524712563,0.17802493274211884
-77.15517685892056,42.40834166917746,0.023250000551342964,0.026350000873208046,0.15610000491142273,0.19535000622272491,0.12800000607967377,0.06145000085234642,0.7622913718223572,0.3583317522196051,0.20828822255134583,0.5214174389839172
,,,,,,,,,,,
,,,,,,,,,,,
,,,,,,,,,,,
-121.99907584216707,42.866482464078416,0.04574999958276749,0.06105000153183937,0.14374999701976776,0.15389999747276306,0.14345000684261322,0.10074999928474426,0.43196091055870056,0.1972049257023324,0.035143736749887466,0.20871783792972565
,,,,,,,,,,,
,,,,,,,,,,,
,,,,,,,,,,,
-75.92448491967681,39.31139972717541,0.08879999816417694,0.18080000579357147,0.2840999960899353,0.34439998865127563,0.35089999437332153,0.2492000013589859,0.31150034070014954,0.23196458060316344,-0.009348491206765175,0.16037733852863312
,,,,,,,,,,,
,,,,,,,,,,,
,,,,,,,,,,,
-80.15105833145915,32.755943941313205,0.04270000010728836,0.06759999692440033,0.2531000077724457,0.30660000443458557,0.24240000545978546,0.13850000500679016,0.6386958956718445,0.42925394241070736,0.11693988740444183,0.37766793370246887
,,,,,,,,,,,
,,,,,,,,,,,
,,,,,,,,,,,
-79.18986097745127,34.8310522476293,0.07970000058412552,0.1281999945640564,0.2903999984264374,0.34150001406669617,0.3425999879837036,0.22120000422000885,0.4541196823120117,0.35245715776358055,-0.0016079138731583953,0.2137906700372696
,,,,,,,,,,,
,,,,,,,,,,,
,,,,,,,,,,,
,,,,,,,,,,,
,,,,,,,,,,,
,,,,,,,,,,,
,,,,,,,,,,,
,,,,,,,,,,,
-119.05035592204474,42.45101164517314,0.15947499871253967,0.23229999840259552,0.25507500767707825,0.2833999991416931,0.313400000333786,0.27649998664855957,0.09908861666917801,0.08625127776158856,-0.05026809871196747,0.01232365146279335
,,,,,,,,,,,
,,,,,,,,,,,
-95.43813867896311,48.972780607880864,0.0424249991774559,0.06400000303983688,0.2171500027179718,0.24320000410079956,0.18970000743865967,0.10014999657869339,0.5833333134651184,0.34224271570778947,0.12358511239290237,0.41663026809692383
-77.01818377809232,41.46735640906226,0.03220000118017197,0.0364999994635582,0.15479999780654907,0.20160000026226044,0.15025000274181366,0.08569999784231186,0.6934061646461487,0.35005513199058147,0.14594286680221558,0.4034110903739929
-121.45334930706446,38.52761964178113,0.07084999978542328,0.14000000059604645,0.23520000278949738,0.26930001378059387,0.2281000018119812,0.16455000638961792,0.31590521335601807,0.20485766375207792,0.08283074200153351,0.24144290387630463
,,,,,,,,,,,
,,,,,,,,,,,
-121.32084780265684,37.40472553663173,0.0544000007212162,0.12999999523162842,0.1988999992609024,0.23440000414848328,0.2957000136375427,0.19709999859333038,0.28649836778640747,0.16247511649988164,-0.11563857644796371,0.08644265681505203
,,,,,,,,,,,
-68.29329658108148,46.98750382997672,0.015300000086426735,0.015949999913573265,0.1822499930858612,0.2037999927997589,0.06040000170469284,0.0272000003606081,0.854835033416748,0.3963916315949134,0.5427706241607666,0.7645021677017212
,,,,,,,,,,,
,,,,,,,,,,,
,,,,,,,,,,,
-93.45735347747956,30.28108533356392,0.0284000001847744,0.03579999879002571,0.14059999585151672,0.14880000054836273,0.08879999816417694,0.05609999969601631,0.6121343374252319,0.24552407994430947,0.252525269985199,0.4524158239364624
,,,,,,,,,,,
-108.53782130963604,32.868233351828145,0.13199999928474426,0.188400000333786,0.26570001244544983,0.2858000099658966,0.3593499958515167,0.29109999537467957,0.2053985744714737,0.1707334322822526,-0.1140044704079628,-0.009187009185552597
,,,,,,,,,,,
-100.38561010625138,30.979525466966848,0.034299999475479126,0.05220000073313713,0.19220000505447388,0.21559999883174896,0.28290000557899475,0.19920000433921814,0.6101568341255188,0.3212614470094443,-0.13500502705574036,0.03953711315989494
-79.34482036396189,38.54558594746352,0.03590000048279762,0.05090000107884407,0.2066500037908554,0.23794999718666077,0.23399999737739563,0.1396999955177307,0.6475679278373718,0.36702377384453505,0.00836953055113554,0.26016154885292053
,,,,,,,,,,,
,,,,,,,,,,,
,,,,,,,,,,,
-123.42290556749651,47.405220437092304,0.023000000044703484,0.02135000005364418,0.27274999022483826,0.37439998984336853,0.09399999678134918,0.03595000132918358,0.8921036124229431,0.6636278054311533,0.5986336469650269,0.8247836828231812
-82.21493769672377,27.981398206217943,0.0471000000834465,0.05310000106692314,0.1850000023841858,0.2065500020980835,0.21601249277591705,0.13249999284744263,0.5909878611564636,0.3273530164693211,-0.022393114864826202,0.2184043973684311
,,,,,,,,,,,
-119.07730538056832,42.56330105568808,0.10328888893127441,0.172775000333786,0.2201666682958603,0.23933333158493042,0.2773500084877014,0.23492500185966492,0.16150687634944916,0.11083326511278385,-0.07357829064130783,0.0092952074483037
,,,,,,,,,,,
,,,,,,,,,,,
,,,,,,,,,,,
,,,,,,,,,,,
,,,,,,,,,,,
,,,,,,,,,,,
-83.81393890245651,31.118764336005377,0.03139999881386757,0.03545000031590462,0.17319999635219574,0.22200000286102295,0.14259999990463257,0.06781666725873947,0.7246066927909851,0.388905104280596,0.21777290105819702,0.5320029854774475
-88.01131706750498,33.654259225432725,0.019850000739097595,0.02459999918937683,0.16949999332427979,0.20135000348091125,0.16044999659061432,0.07294999808073044,0.7822527289390564,0.368206164847242,0.11304590106010437,0.4681006371974945
-118.10487908550894,39.140719823192704,0.12295384705066681,0.2011636346578598,0.23583635687828064,0.2601222097873688,0.27172499895095825,0.23866666853427887,0.12781353294849396,0.09540530249896531,-0.021816018968820572,0.04301527515053749
,,,,,,,,,,,
,,,,,,,,,,,
-120.73245129155856,40.92612145038025,0.06080000102519989,0.10849999636411667,0.16419999301433563,0.1915999948978424,0.18694999814033508,0.16030000150203705,0.27690771222114563,0.14982691585121377,0.012283706106245518,0.08894570171833038
,,,,,,,,,,,
,,,,,,,,,,,
,,,,,,,,,,,
,,,,,,,,,,,
-104.6907861053942,31.810467104777405,0.11460000276565552,0.2176000028848648,0.2808000147342682,0.3041999936103821,0.43140000104904175,0.39765000343322754,0.16596394777297974,0.1236930686332692,-0.1729200780391693,-0.13314811885356903
,,,,,,,,,,,
-70.37065067560786,44.45425472875967,0.033799998462200165,0.039400000125169754,0.26010000705718994,0.33559998869895935,0.13279999792575836,0.06199999898672104,0.7898666858673096,0.5616230344195152,0.4329632818698883,0.6881287693977356
-120.9884711475326,48.867228561996825,0.028850000351667404,0.03554999828338623,0.16474999487400055,0.1854500025510788,0.09515000134706497,0.056449998170137405,0.6782805323600769,0.3169468349390641,0.32181039452552795,0.533278226852417
,,,,,,,,,,,
-117.00444286246253,35.158937326332925,0.10474999994039536,0.20464999973773956,0.26243332028388977,0.28060001134872437,0.28653332591056824,0.24096666276454926,0.15651728212833405,0.11020824372104283,-0.010461939498782158,0.07598903775215149
,,,,,,,,,,,
-102.6403814693914,31.720635576365456,0.10119999945163727,0.21559999883174896,0.2673499882221222,0.2867000102996826,0.4153999984264374,0.3825500011444092,0.14154890179634094,0.09759513970644451,-0.1833072006702423,-0.14322000741958618
-115.04162396666138,48.79536333926726,0.025200000032782555,0.034699998795986176,0.155349999666214,0.20395000278949738,0.12745000422000885,0.06404999643564224,0.7091975808143616,0.3459305985389286,0.2308388501405716,0.5220149755477905
-115.87930296910282,38.93635309605551,0.10970000177621841,0.1680999994277954,0.2190999984741211,0.25209999084472656,0.2558000087738037,0.2004999965429306,0.19990478456020355,0.14604122697331368,-0.00728493370115757,0.11400794237852097
-117.8241555592216,45.25150954341575,0.07090000063180923,0.12939999997615814,0.1940000057220459,0.22499999403953552,0.289000004529953,0.21459999680519104,0.2697516679763794,0.16262374505605,-0.124513640999794,0.023657865822315216
-112.5667653589121,33.19836421874207,0.12280000001192093,0.19779999554157257,0.24799999594688416,0.24959999322891235,0.38100001215934753,0.34150001406669617,0.1157800629734993,0.08545598329854531,-0.20837301015853882,-0.15547287464141846
-78.36116512785101,41.07658926047027,0.03519999980926514,0.05209999904036522,0.22169999778270721,0.25,0.22030000388622284,0.11919999867677689,0.6550810933113098,0.3809872201199229,0.06315117329359055,0.3542795181274414
-121.62852078746776,36.21445778517336,0.016100000590085983,0.023499999195337296,0.23090000450611115,0.2912999987602234,0.13625000417232513,0.06379999965429306,0.8506988883018494,0.5104647205739198,0.3626476228237152,0.6406645774841309
,,,,,,,,,,,
-104.1136185353474,30.382145803027367,0.10779999941587448,0.17260000109672546,0.2126999944448471,0.22499999403953552,0.3093000054359436,0.2793000042438507,0.13179072737693787,0.09021416011698884,-0.15777654945850372,-0.1076740249991417
,,,,,,,,,,,
-76.887928061895,37.48557391220248,0.02449999935925007,0.027499999850988388,0.21570000052452087,0.2655999958515167,0.17659999430179596,0.0917000025510788,0.8123507499694824,0.4774030477719302,0.20126640796661377,0.48670583963394165
,,,,,,,,,,,
,,,,,,,,,,,
,,,,,,,,,,,
,,,,,,,,,,,
-121.08504004057546,41.75257151177021,0.0689999982714653,0.11620000004768372,0.1680999994277954,0.1785999983549118,0.27570000290870667,0.21719999611377716,0.2116689234972,0.11484944006128224,-0.213735431432724,-0.097523994743824
-84.44725117776078,33.72163287174169,0.03440000116825104,0.03799999877810478,0.17030000686645508,0.22210000455379486,0.1412999927997589,0.07490000128746033,0.7078046798706055,0.38608339811628123,0.2223445624113083,0.4956229031085968
-119.95316278258484,47.79374179747399,0.09159411489963531,0.16564999520778656,0.20797142386436462,0.24072307348251343,0.3276500105857849,0.25200000405311584,0.18473930656909943,0.12126812389030535,-0.15293993055820465,-0.022886954247951508
,,,,,,,,,,,
,,,,,,,,,,,
,,,,,,,,,,,
,,,,,,,,,,,
-121.47131561274684,36.57827547524177,0.04610000178217888,0.09200000017881393,0.23659999668598175,0.26739999651908875,0.23839999735355377,0.20160000026226044,0.4880356192588806,0.2975604760591157,0.057334914803504944,0.1402985006570816
,,,,,,,,,,,
,,,,,,,,,,,
-99.50750691602455,30.326001097769897,0.06859999895095825,0.09560000151395798,0.20589999854564667,0.24580000340938568,0.25459998846054077,0.17659999430179596,0.43995311856269836,0.2877615134335753,-0.01758590154349804,0.16382578015327454
-67.77227371629215,45.28295057835993,0.04904999956488609,0.10000000149011612,0.31725001335144043,0.38760000467300415,0.2243500053882599,0.10045000165700912,0.5898277163505554,0.44390251460306707,0.2667701542377472,0.5883618593215942
,,,,,,,,,,,
-80.6563606787764,38.83753841480237,0.02319999970495701,0.04104999825358391,0.18805000185966492,0.2467000037431717,0.17624999582767487,0.08309999853372574,0.7146828770637512,0.3897839389588842,0.16656817495822906,0.49605822563171387
,,,,,,,,,,,
,,,,,,,,,,,
-90.4188020289453,29.333362708817827,0.037950001657009125,0.05119999870657921,0.1018500030040741,0.11999999731779099,0.10625000298023224,0.06305000185966492,0.40186914801597595,0.1505371638368246,0.06077345460653305,0.31111717224121094
,,,,,,,,,,,
,,,,,,,,,,,
,,,,,,,,,,,
-104.58298827129984,29.998116019066273,0.13760000467300415,0.2101999968290329,0.2644999921321869,0.27950000762939453,0.3398999869823456,0.3003999888896942,0.14151524007320404,0.11483398444637548,-0.09751369059085846,-0.036040663719177246
,,,,,,,,,,,
-100.40806798835438,29.62980675257727,0.03372500091791153,0.0434500016272068,0.15665000677108765,0.19660000503063202,0.1664000004529953,0.10502500087022781,0.6379920840263367,0.3179067813835683,0.08319560438394547,0.30360546708106995
-72.40308900592828,44.503662069386245,0.025483332574367523,0.030825000256299973,0.20608332753181458,0.2331250011920929,0.1307000070810318,0.06423333287239075,0.76643306016922,0.41220098526253673,0.2815226912498474,0.5679735541343689
,,,,,,,,,,,
,,,,,,,,,,,
,,,,,,,,,,,
-120.0542232520483,41.73909678250842,0.09139999747276306,0.14319999516010284,0.18126249313354492,0.19965000450611115,0.25679999589920044,0.21615000069141388,0.16464929282665253,0.10275969267726111,-0.1252053678035736,-0.039682529866695404
,,,,,,,,,,,
,,,,,,,,,,,
,,,,,,,,,,,
,,,,,,,,,,,
,,,,,,,,,,,
-99.63327105580127,30.73922612846488,0.07419999688863754,0.11379999667406082,0.21220000088214874,0.2556000053882599,0.335999995470047,0.250900000333786,0.38386574387550354,0.25653087744140324,-0.13590261340141296,0.00927937775850296
,,,,,,,,,,,
,,,,,,,,,,,
,,,,,,,,,,,
,,,,,,,,,,,
,,,,,,,,,,,
,,,,,,,,,,,
-99.89153669998564,30.317017944928704,0.07699999958276749,0.11005000025033951,0.21580000221729279,0.23285000026226044,0.33250001072883606,0.2500999867916107,0.3581219017505646,0.2333447336965912,-0.1762625128030777,-0.035717956721782684
,,,,,,,,,,,
-88.18648854790828,31.951951762026233,0.020400000736117363,0.024800000712275505,0.17430000007152557,0.2070000022649765,0.12780000269412994,0.05979999899864197,0.786022424697876,0.37869970360519717,0.23655913770198822,0.5517241358757019
-82.36765129502407,29.054884970740776,0.02710000053048134,0.030700000002980232,0.22290000319480896,0.2745000123977661,0.1216999962925911,0.05609999969601631,0.798820436000824,0.4854833142625543,0.38566383719444275,0.6606170535087585
,,,,,,,,,,,
-117.55690676219604,46.45525202413591,0.0888499990105629,0.20839999616146088,0.3157333433628082,0.4020000100135803,0.22179999947547913,0.13750000298023224,0.31716910004615784,0.24370289195467001,0.28887465596199036,0.4902687668800354
,,,,,,,,,,,
-99.85560408862086,30.912151820657886,0.04725714400410652,0.062033332884311676,0.15485000610351562,0.16259999573230743,0.1369750052690506,0.08933333307504654,0.44769254326820374,0.21299792111994986,0.08553781360387802,0.2908176779747009
,,,,,,,,,,,
,,,,,,,,,,,
,,,,,,,,,,,
,,,,,,,,,,,
-77.13496476502786,40.53984587820886,0.0466499999165535,0.05844999849796295,0.2669999897480011,0.3357999920845032,0.2460000067949295,0.1343500018119812,0.7034876346588135,0.5187505788257404,0.15434855222702026,0.42848026752471924
,,,,,,,,,,,
,,,,,,,,,,,
,,,,,,,,,,,
,,,,,,,,,,,
,,,,,,,,,,,
,,,,,,,,,,,
,,,,,,,,,,,
-119.1469248150876,35.29817619537145,0.12950000166893005,0.21383333206176758,0.24300909042358398,0.2687076926231384,0.43520626425743103,0.39642220735549927,0.11371957510709763,0.08680137645726393,-0.2365325689315796,-0.1920143961906433
,,,,,,,,,,,
,,,,,,,,,,,
,,,,,,,,,,,
,,,,,,,,,,,
,,,,,,,,,,,
,,,,,,,,,,,
-95.73682851093284,31.61732931869171,0.05082499980926514,0.07982499897480011,0.2513999938964844,0.313400000333786,0.2906999886035919,0.17149999737739563,0.593998372554779,0.4137989106235178,0.0375765785574913,0.2926376760005951
-78.30502042259354,34.17079051380145,0.024450000375509262,0.030300000682473183,0.17035000026226044,0.23749999701976776,0.11710000038146973,0.05544999986886978,0.7737117409706116,0.4191192762962615,0.33953750133514404,0.6214370727539062
,,,,,,,,,,,
,,,,,,,,,,,
,,,,,,,,,,,
-75.44388624267286,42.5296142325336,0.032999999821186066,0.03869999945163727,0.21870000660419464,0.290800005197525,0.14229999482631683,0.07240000367164612,0.7650986313819885,0.4941199629632253,0.34287697076797485,0.6013215780258179
,,,,,,,,,,,
,,,,,,,,,,,
,,,,,,,,,,,
,,,,,,,,,,,
,,,,,,,,,,,
,,,,,,,,,,,
-120.72795971513794,37.36205556063605,0.10486666858196259,0.19009999930858612,0.29129165410995483,0.34610000252723694,0.3810499906539917,0.3596999943256378,0.2909362316131592,0.22938478515090246,-0.04806434363126755,-0.019268903881311417
,,,,,,,,,,,
,,,,,,,,,,,
,,,,,,,,,,,
-82.63939166847024,38.815080532699376,0.041749998927116394,0.06400000303983688,0.20440000295639038,0.270550012588501,0.24060000479221344,0.12919999659061432,0.6173964738845825,0.3849451209775024,0.05859338119626045,0.353596031665802
-88.36166002831159,31.10978118316418,0.021199999377131462,0.026850000023841858,0.18199999630451202,0.23899999260902405,0.14949999749660492,0.06889999657869339,0.7980064153671265,0.4273426658318957,0.23037321865558624,0.5524520874023438
,,,,,,,,,,,
-102.15978279238745,31.77004291699203,0.1420000046491623,0.24746666848659515,0.31591999530792236,0.3416000008583069,0.4424428641796112,0.38975000381469727,0.15980081260204315,0.13360584422297628,-0.12861907482147217,-0.06583715230226517
-82.20146296746196,28.00834766474153,0.1181500032544136,0.14990000426769257,0.29585000872612,0.33373332023620605,0.3052999973297119,0.23702499270439148,0.38010886311531067,0.3411881594257201,0.04449427127838135,0.16943831741809845
-117.970131792891,39.17216085813688,0.09910000115633011,0.16820000112056732,0.20679999887943268,0.2287999987602234,0.2515000104904175,0.21729999780654907,0.1526448279619217,0.10135473786408769,-0.047262150794267654,0.02577897533774376
,,,,,,,,,,,
-77.29890730437968,37.701169580391166,0.028599999845027924,0.03099999949336052,0.20900000631809235,0.274399995803833,0.16539999842643738,0.07079999893903732,0.7969875335693359,0.48840195340123177,0.24783992767333984,0.5898030400276184
,,,,,,,,,,,
,,,,,,,,,,,
-117.10550333192596,36.072973127924534,0.08709999918937683,0.1477999985218048,0.20329999923706055,0.20399999618530273,0.2957000136375427,0.2387000024318695,0.1597498506307602,0.09773572731676156,-0.18351013958454132,-0.07838266342878342
,,,,,,,,,,,
-115.96688870930448,34.93211271709274,0.17339999973773956,0.26910001039505005,0.3012999892234802,0.30809998512268066,0.3781000077724457,0.35749998688697815,0.06756752729415894,0.06010352228230815,-0.10201110690832138,-0.0742187574505806
,,,,,,,,,,,
-119.79146603144336,40.28382602223479,0.12295454740524292,0.2088838666677475,0.25608572363853455,0.27933332324028015,0.34652501344680786,0.31940001249313354,0.14429941773414612,0.1093611369490969,-0.10735926032066345,-0.06691908836364746
,,,,,,,,,,,
-119.94417962974366,48.79760912747756,0.06199999898672104,0.07859999686479568,0.16459999978542328,0.19040000438690186,0.17000000178813934,0.13750000298023224,0.41561341285705566,0.2335004347525842,0.05660377815365791,0.16132967174053192
,,,,,,,,,,,
-120.72571392692764,41.47409377369316,0.1031000018119812,0.1931000053882599,0.2553200125694275,0.290883332490921,0.3100000023841858,0.2312999963760376,0.20203861594200134,0.1458378796586893,-0.03181427717208862,0.1141042485833168
-72.27507907794126,43.06860340300531,0.025049999356269836,0.03584999963641167,0.1838500052690506,0.2590000033378601,0.1289999932050705,0.06920000165700912,0.7568255066871643,0.43373049556496335,0.335051566362381,0.5783059000968933
-120.49215195305658,42.66436152515153,0.07159999758005142,0.14329999685287476,0.22415000200271606,0.2919999957084656,0.21960000693798065,0.13244999945163727,0.34160348773002625,0.23021426696540012,0.1415167897939682,0.37589821219444275
,,,,,,,,,,,
,,,,,,,,,,,
-83.0750745812682,30.802108198353245,0.019050000235438347,0.021950000897049904,0.16355000436306,0.21119999885559082,0.11990000307559967,0.05380000174045563,0.8117091655731201,0.3942626144636109,0.27574750781059265,0.5939622521400452
,,,,,,,,,,,
,,,,,,,,,,,
,,,,,,,,,,,
,,,,,,,,,,,
,,,,,,,,,,,
,,,,,,,,,,,
